timeStamp,elapsed,label,responseCode,responseMessage,threadName,dataType,success,failureMessage,bytes,grpThreads,allThreads,Latency
1448546684822,1004,LG G3 16GB Page,200,OK,Thread Group 1-1,text,true,,11947,2,2,1002
1448546686647,451,LG G3 16GB Page,200,OK,Thread Group 1-2,text,true,,11947,2,2,448
1448546687182,441,LG G3 16GB Page,200,OK,Thread Group 1-1,text,true,,11947,2,2,439
1448546688786,494,LG G3 16GB Page,200,OK,Thread Group 1-2,text,true,,11947,3,3,491
1448546689036,411,LG G3 16GB Page,200,OK,Thread Group 1-1,text,true,,11947,3,3,409
1448546689539,458,LG G3 16GB Page,200,OK,Thread Group 1-3,text,true,,11947,3,3,457
1448546690557,483,LG G3 16GB Page,200,OK,Thread Group 1-2,text,true,,11947,4,4,475
1448546690852,450,LG G3 16GB Page,200,OK,Thread Group 1-1,text,true,,11947,4,4,443
1448546691411,696,LG G3 16GB Page,200,OK,Thread Group 1-3,text,true,,11947,4,4,691
1448546693112,426,LG G3 16GB Page,200,OK,Thread Group 1-4,text,true,,11947,4,4,424
1448546693094,523,LG G3 16GB Page,200,OK,Thread Group 1-2,text,true,,11947,4,4,502
1448546693261,423,LG G3 16GB Page,200,OK,Thread Group 1-1,text,true,,11947,4,4,418
1448546693994,670,LG G3 16GB Page,200,OK,Thread Group 1-3,text,true,,11947,5,5,669
1448546695765,504,LG G3 16GB Page,200,OK,Thread Group 1-1,text,true,,11947,5,5,502
1448546695735,535,LG G3 16GB Page,200,OK,Thread Group 1-2,text,true,,11947,5,5,521
1448546695659,665,LG G3 16GB Page,200,OK,Thread Group 1-4,text,true,,11947,5,5,605
1448546696248,461,LG G3 16GB Page,200,OK,Thread Group 1-5,text,true,,11947,5,5,455
1448546696641,418,LG G3 16GB Page,200,OK,Thread Group 1-3,text,true,,11947,6,6,417
1448546697775,496,LG G3 16GB Page,200,OK,Thread Group 1-4,text,true,,11947,6,6,495
1448546697765,519,LG G3 16GB Page,200,OK,Thread Group 1-1,text,true,,11947,6,6,511
1448546697807,467,LG G3 16GB Page,200,OK,Thread Group 1-2,text,true,,11947,6,6,464
1448546698339,451,LG G3 16GB Page,200,OK,Thread Group 1-5,text,true,,11947,6,6,448
1448546698622,415,LG G3 16GB Page,200,OK,Thread Group 1-3,text,true,,11947,6,6,413
1448546698590,459,LG G3 16GB Page,200,OK,Thread Group 1-6,text,true,,11947,6,6,453
1448546699801,455,LG G3 16GB Page,200,OK,Thread Group 1-4,text,true,,11947,7,7,455
1448546699788,485,LG G3 16GB Page,200,OK,Thread Group 1-2,text,true,,11947,7,7,484
1448546699919,564,LG G3 16GB Page,200,OK,Thread Group 1-1,text,true,,11947,7,7,552
1448546700246,618,LG G3 16GB Page,200,OK,Thread Group 1-5,text,true,,11947,7,7,591
1448546700551,447,LG G3 16GB Page,200,OK,Thread Group 1-3,text,true,,11947,7,7,430
1448546700690,482,LG G3 16GB Page,200,OK,Thread Group 1-6,text,true,,11947,7,7,473
1448546701565,741,LG G3 16GB Page,200,OK,Thread Group 1-7,text,true,,11947,7,7,739
1448546701880,589,LG G3 16GB Page,200,OK,Thread Group 1-2,text,true,,11947,7,7,585
1448546702184,694,LG G3 16GB Page,200,OK,Thread Group 1-4,text,true,,11947,7,7,681
1448546702152,1305,LG G3 16GB Page,200,OK,Thread Group 1-1,text,true,,11947,8,8,1302
1448546702654,994,LG G3 16GB Page,200,OK,Thread Group 1-5,text,true,,11947,8,8,993
1448546703135,836,LG G3 16GB Page,200,OK,Thread Group 1-6,text,true,,11947,8,8,830
1448546703587,1130,LG G3 16GB Page,200,OK,Thread Group 1-3,text,true,,11947,8,8,1120
1448546704578,898,LG G3 16GB Page,200,OK,Thread Group 1-7,text,true,,11947,8,8,896
1448546705616,747,LG G3 16GB Page,200,OK,Thread Group 1-1,text,true,,11947,9,9,741
1448546705066,1402,LG G3 16GB Page,200,OK,Thread Group 1-2,text,true,,11947,8,8,1401
1448546705920,674,LG G3 16GB Page,200,OK,Thread Group 1-5,text,true,,11947,8,8,672
1448546705855,819,LG G3 16GB Page,200,OK,Thread Group 1-8,text,true,,11947,8,8,817
1448546705723,1008,LG G3 16GB Page,200,OK,Thread Group 1-4,text,true,,11947,8,8,1006
1448546706454,638,LG G3 16GB Page,200,OK,Thread Group 1-6,text,true,,11947,8,8,629
1448546707146,508,LG G3 16GB Page,200,OK,Thread Group 1-3,text,true,,11947,8,8,507
1448546707289,522,LG G3 16GB Page,200,OK,Thread Group 1-7,text,true,,11947,8,8,520
1448546707873,555,LG G3 16GB Page,200,OK,Thread Group 1-9,text,true,,11947,8,8,550
1448546708067,545,LG G3 16GB Page,200,OK,Thread Group 1-2,text,true,,11947,8,8,544
1448546708235,560,LG G3 16GB Page,200,OK,Thread Group 1-8,text,true,,11947,7,7,559
1448546708272,552,LG G3 16GB Page,200,OK,Thread Group 1-4,text,true,,11947,7,7,545
1448546708370,538,LG G3 16GB Page,200,OK,Thread Group 1-5,text,true,,11947,7,7,531
1448546708590,606,LG G3 16GB Page,200,OK,Thread Group 1-6,text,true,,11947,8,8,605
1448546709150,537,LG G3 16GB Page,200,OK,Thread Group 1-3,text,true,,11947,8,8,533
1448546709479,481,LG G3 16GB Page,200,OK,Thread Group 1-7,text,true,,11947,8,8,478
1448546709880,472,LG G3 16GB Page,200,OK,Thread Group 1-9,text,true,,11947,8,8,471
1448546710372,574,LG G3 16GB Page,200,OK,Thread Group 1-4,text,true,,11947,8,8,573
1448546710398,577,LG G3 16GB Page,200,OK,Thread Group 1-5,text,true,,11947,8,8,566
1448546710400,581,LG G3 16GB Page,200,OK,Thread Group 1-8,text,true,,11947,8,8,578
1448546710612,440,LG G3 16GB Page,200,OK,Thread Group 1-10,text,true,,11947,8,8,438
1448546710750,530,LG G3 16GB Page,200,OK,Thread Group 1-6,text,true,,11947,8,8,529
1448546711084,665,LG G3 16GB Page,200,OK,Thread Group 1-3,text,true,,11947,8,8,664
1448546711614,1396,LG G3 16GB Page,200,OK,Thread Group 1-7,text,true,,11947,8,8,1394
1448546712546,736,LG G3 16GB Page,200,OK,Thread Group 1-9,text,true,,11947,8,8,729
1448546713195,472,LG G3 16GB Page,200,OK,Thread Group 1-5,text,true,,11947,8,8,471
1448546713245,458,LG G3 16GB Page,200,OK,Thread Group 1-6,text,true,,11947,8,8,457
1448546713291,465,LG G3 16GB Page,200,OK,Thread Group 1-8,text,true,,11947,8,8,461
1448546713291,486,LG G3 16GB Page,200,OK,Thread Group 1-4,text,true,,11947,8,8,468
1448546713296,490,LG G3 16GB Page,200,OK,Thread Group 1-10,text,true,,11947,8,8,489
1448546714045,719,LG G3 16GB Page,200,OK,Thread Group 1-11,text,true,,11947,8,8,715
1448546714891,1118,LG G3 16GB Page,200,OK,Thread Group 1-7,text,true,,11947,9,9,1063
1448546715199,832,LG G3 16GB Page,200,OK,Thread Group 1-9,text,true,,11947,9,9,827
1448546715934,619,LG G3 16GB Page,200,OK,Thread Group 1-6,text,true,,11947,9,9,617
1448546715933,613,LG G3 16GB Page,200,OK,Thread Group 1-5,text,true,,11947,9,9,605
1448546716036,537,LG G3 16GB Page,200,OK,Thread Group 1-10,text,true,,11947,9,9,536
1448546716005,576,LG G3 16GB Page,200,OK,Thread Group 1-8,text,true,,11947,9,9,574
1448546716074,557,LG G3 16GB Page,200,OK,Thread Group 1-4,text,true,,11947,9,9,546
1448546717095,472,LG G3 16GB Page,200,OK,Thread Group 1-11,text,true,,11947,8,8,470
1448546717150,511,LG G3 16GB Page,200,OK,Thread Group 1-12,text,true,,11947,8,8,509
1448546717608,482,LG G3 16GB Page,200,OK,Thread Group 1-7,text,true,,11947,9,9,474
1448546717720,480,LG G3 16GB Page,200,OK,Thread Group 1-9,text,true,,11947,9,9,479
1448546718038,607,LG G3 16GB Page,200,OK,Thread Group 1-6,text,true,,11947,9,9,601
1448546718205,522,LG G3 16GB Page,200,OK,Thread Group 1-10,text,true,,11947,9,9,514
1448546718126,607,LG G3 16GB Page,200,OK,Thread Group 1-8,text,true,,11947,9,9,605
1448546718242,611,LG G3 16GB Page,200,OK,Thread Group 1-5,text,true,,11947,9,9,607
1448546719236,483,LG G3 16GB Page,200,OK,Thread Group 1-11,text,true,,11947,8,8,482
1448546719340,443,LG G3 16GB Page,200,OK,Thread Group 1-12,text,true,,11947,8,8,442
1448546719591,520,LG G3 16GB Page,200,OK,Thread Group 1-13,text,true,,11947,8,8,468
1448546719740,516,LG G3 16GB Page,200,OK,Thread Group 1-9,text,true,,11947,8,8,515
1448546719788,515,LG G3 16GB Page,200,OK,Thread Group 1-7,text,true,,11947,8,8,500
1448546720102,523,LG G3 16GB Page,200,OK,Thread Group 1-6,text,true,,11947,8,8,520
1448546720223,516,LG G3 16GB Page,200,OK,Thread Group 1-8,text,true,,11947,7,7,513
1448546720306,599,LG G3 16GB Page,200,OK,Thread Group 1-10,text,true,,11947,7,7,597
1448546721209,454,LG G3 16GB Page,200,OK,Thread Group 1-11,text,true,,11947,8,8,453
1448546721324,483,LG G3 16GB Page,200,OK,Thread Group 1-12,text,true,,11947,8,8,481
1448546721631,739,LG G3 16GB Page,200,OK,Thread Group 1-13,text,true,,11947,8,8,732
1448546721794,801,LG G3 16GB Page,200,OK,Thread Group 1-7,text,true,,11947,8,8,800
1448546721680,912,LG G3 16GB Page,200,OK,Thread Group 1-9,text,true,,11947,8,8,907
1448546722642,700,LG G3 16GB Page,200,OK,Thread Group 1-8,text,true,,11947,8,8,698
1448546722745,705,LG G3 16GB Page,200,OK,Thread Group 1-10,text,true,,11947,8,8,700
1448546723101,556,LG G3 16GB Page,200,OK,Thread Group 1-14,text,true,,11947,8,8,554
1448546723872,790,LG G3 16GB Page,200,OK,Thread Group 1-11,text,true,,11947,9,9,789
1448546723851,823,LG G3 16GB Page,200,OK,Thread Group 1-12,text,true,,11947,9,9,822
1448546724369,1220,LG G3 16GB Page,200,OK,Thread Group 1-13,text,true,,11947,9,9,1218
1448546724430,1169,LG G3 16GB Page,200,OK,Thread Group 1-9,text,true,,11947,9,9,1167
1448546724608,1075,LG G3 16GB Page,200,OK,Thread Group 1-7,text,true,,11947,9,9,1074
1448546725204,858,LG G3 16GB Page,200,OK,Thread Group 1-8,text,true,,11947,8,8,857
1448546725680,601,LG G3 16GB Page,200,OK,Thread Group 1-10,text,true,,11947,8,8,599
1448546725838,526,LG G3 16GB Page,200,OK,Thread Group 1-14,text,true,,11947,8,8,520
1448546726409,660,LG G3 16GB Page,200,OK,Thread Group 1-15,text,true,,11947,9,9,657
1448546726746,478,LG G3 16GB Page,200,OK,Thread Group 1-12,text,true,,11947,9,9,474
1448546726814,572,LG G3 16GB Page,200,OK,Thread Group 1-11,text,true,,11947,9,9,568
1448546727204,424,LG G3 16GB Page,200,OK,Thread Group 1-9,text,true,,11947,9,9,422
1448546727215,507,LG G3 16GB Page,200,OK,Thread Group 1-13,text,true,,11947,9,9,503
1448546727615,505,LG G3 16GB Page,200,OK,Thread Group 1-8,text,true,,11947,9,9,500
1448546727816,482,LG G3 16GB Page,200,OK,Thread Group 1-14,text,true,,11947,8,8,480
1448546727882,458,LG G3 16GB Page,200,OK,Thread Group 1-10,text,true,,11947,8,8,454
1448546728692,477,LG G3 16GB Page,200,OK,Thread Group 1-12,text,true,,11947,8,8,477
1448546728511,475,LG G3 16GB Page,200,OK,Thread Group 1-15,text,true,,11947,8,8,470
1448546728557,621,LG G3 16GB Page,200,OK,Thread Group 1-16,text,true,,11947,8,8,620
1448546729258,1005,LG G3 16GB Page,200,OK,Thread Group 1-13,text,true,,11947,9,9,1004
1448546728913,1390,LG G3 16GB Page,200,OK,Thread Group 1-11,text,true,,11947,9,9,1381
1448546729211,1241,LG G3 16GB Page,200,OK,Thread Group 1-9,text,true,,11947,9,9,1240
1448546730376,424,LG G3 16GB Page,200,OK,Thread Group 1-14,text,true,,11947,8,8,421
1448546730518,525,LG G3 16GB Page,200,OK,Thread Group 1-10,text,true,,11947,8,8,522
1448546730650,509,LG G3 16GB Page,200,OK,Thread Group 1-15,text,true,,11947,8,8,508
1448546730707,491,LG G3 16GB Page,200,OK,Thread Group 1-12,text,true,,11947,8,8,487
1448546730753,499,LG G3 16GB Page,200,OK,Thread Group 1-16,text,true,,11947,8,8,492
1448546731427,583,LG G3 16GB Page,200,OK,Thread Group 1-17,text,true,,11947,8,8,581
1448546731676,1089,LG G3 16GB Page,200,OK,Thread Group 1-11,text,true,,11947,8,8,1073
1448546731699,1084,LG G3 16GB Page,200,OK,Thread Group 1-13,text,true,,11947,8,8,1083
1448546732636,667,LG G3 16GB Page,200,OK,Thread Group 1-14,text,true,,11947,9,9,659
1448546733023,562,LG G3 16GB Page,200,OK,Thread Group 1-10,text,true,,11947,9,9,560
1448546733211,487,LG G3 16GB Page,200,OK,Thread Group 1-15,text,true,,11947,8,8,481
1448546733314,503,LG G3 16GB Page,200,OK,Thread Group 1-12,text,true,,11947,8,8,494
1448546733375,595,LG G3 16GB Page,200,OK,Thread Group 1-16,text,true,,11947,8,8,512
1448546733996,778,LG G3 16GB Page,200,OK,Thread Group 1-17,text,true,,11947,8,8,776
1448546734549,950,LG G3 16GB Page,200,OK,Thread Group 1-13,text,true,,11947,8,8,923
1448546734527,1128,LG G3 16GB Page,200,OK,Thread Group 1-11,text,true,,11947,8,8,1092
1448546735050,930,LG G3 16GB Page,200,OK,Thread Group 1-18,text,true,,11947,8,8,921
1448546734960,1100,LG G3 16GB Page,200,OK,Thread Group 1-14,text,true,,11947,9,9,1077
1448546735979,758,LG G3 16GB Page,200,OK,Thread Group 1-15,text,true,,11947,9,9,756
1448546736049,1018,LG G3 16GB Page,200,OK,Thread Group 1-12,text,true,,11947,9,9,1010
1448546736583,623,LG G3 16GB Page,200,OK,Thread Group 1-16,text,true,,11947,9,9,568
1448546736736,619,LG G3 16GB Page,200,OK,Thread Group 1-17,text,true,,11947,9,9,599
1448546737523,516,LG G3 16GB Page,200,OK,Thread Group 1-13,text,true,,11947,9,9,505
1448546737497,821,LG G3 16GB Page,200,OK,Thread Group 1-11,text,true,,11947,9,9,816
1448546737835,525,LG G3 16GB Page,200,OK,Thread Group 1-19,text,true,,11947,8,8,514
1448546737789,577,LG G3 16GB Page,200,OK,Thread Group 1-18,text,true,,11947,8,8,577
1448546738025,565,LG G3 16GB Page,200,OK,Thread Group 1-14,text,true,,11947,8,8,564
1448546738494,888,LG G3 16GB Page,200,OK,Thread Group 1-15,text,true,,11947,9,9,885
1448546738900,498,LG G3 16GB Page,200,OK,Thread Group 1-12,text,true,,11947,9,9,490
1448546738951,488,LG G3 16GB Page,200,OK,Thread Group 1-16,text,true,,11947,8,8,484
1448546739117,533,LG G3 16GB Page,200,OK,Thread Group 1-17,text,true,,11947,8,8,530
1448546739622,522,LG G3 16GB Page,200,OK,Thread Group 1-13,text,true,,11947,8,8,520
1448546739834,521,LG G3 16GB Page,200,OK,Thread Group 1-18,text,true,,11947,8,8,512
1448546740111,562,LG G3 16GB Page,200,OK,Thread Group 1-19,text,true,,11947,8,8,561
1448546740175,548,LG G3 16GB Page,200,OK,Thread Group 1-14,text,true,,11947,8,8,541
1448546740719,735,LG G3 16GB Page,200,OK,Thread Group 1-20,text,true,,11947,8,8,734
1448546741230,502,LG G3 16GB Page,200,OK,Thread Group 1-15,text,true,,11947,8,8,502
1448546741177,572,LG G3 16GB Page,200,OK,Thread Group 1-17,text,true,,11947,8,8,569
1448546741243,537,LG G3 16GB Page,200,OK,Thread Group 1-16,text,true,,11947,8,8,535
1448546741753,1042,LG G3 16GB Page,200,OK,Thread Group 1-13,text,true,,11947,9,9,1040
1448546741708,1249,LG G3 16GB Page,200,OK,Thread Group 1-18,text,true,,11947,8,8,1248
1448546742691,719,LG G3 16GB Page,200,OK,Thread Group 1-14,text,true,,11947,8,8,717
1448546742651,766,LG G3 16GB Page,200,OK,Thread Group 1-19,text,true,,11947,8,8,764
1448546743692,501,LG G3 16GB Page,200,OK,Thread Group 1-20,text,true,,11947,8,8,500
1448546743863,658,LG G3 16GB Page,200,OK,Thread Group 1-15,text,true,,11947,8,8,657
1448546743912,679,LG G3 16GB Page,200,OK,Thread Group 1-16,text,true,,11947,8,8,679
1448546743965,717,LG G3 16GB Page,200,OK,Thread Group 1-17,text,true,,11947,8,8,714
1448546744015,794,LG G3 16GB Page,200,OK,Thread Group 1-21,text,true,,11947,8,8,793
1448546744758,954,LG G3 16GB Page,200,OK,Thread Group 1-18,text,true,,11947,9,9,952
1448546745395,855,LG G3 16GB Page,200,OK,Thread Group 1-14,text,true,,11947,9,9,855
1448546745646,694,LG G3 16GB Page,200,OK,Thread Group 1-19,text,true,,11947,8,8,692
1448546746653,651,LG G3 16GB Page,200,OK,Thread Group 1-15,text,true,,11947,8,8,643
1448546746854,506,LG G3 16GB Page,200,OK,Thread Group 1-17,text,true,,11947,8,8,494
1448546747005,602,LG G3 16GB Page,200,OK,Thread Group 1-20,text,true,,11947,8,8,600
1448546747056,554,LG G3 16GB Page,200,OK,Thread Group 1-16,text,true,,11947,8,8,552
1448546747148,519,LG G3 16GB Page,200,OK,Thread Group 1-21,text,true,,11947,8,8,516
1448546747165,505,LG G3 16GB Page,200,OK,Thread Group 1-22,text,true,,11947,8,8,502
1448546747412,662,LG G3 16GB Page,200,OK,Thread Group 1-18,text,true,,11947,9,9,661
1448546748084,628,LG G3 16GB Page,200,OK,Thread Group 1-19,text,true,,11947,9,9,623
1448546748902,466,LG G3 16GB Page,200,OK,Thread Group 1-16,text,true,,11947,9,9,459
1448546748715,843,LG G3 16GB Page,200,OK,Thread Group 1-15,text,true,,11947,9,9,841
1448546749150,629,LG G3 16GB Page,200,OK,Thread Group 1-17,text,true,,11947,8,8,609
1448546749122,738,LG G3 16GB Page,200,OK,Thread Group 1-20,text,true,,11947,8,8,658
1448546749151,745,LG G3 16GB Page,200,OK,Thread Group 1-21,text,true,,11947,8,8,684
1448546749334,620,LG G3 16GB Page,200,OK,Thread Group 1-22,text,true,,11947,8,8,617
1448546749537,522,LG G3 16GB Page,200,OK,Thread Group 1-23,text,true,,11947,8,8,518
1448546749740,544,LG G3 16GB Page,200,OK,Thread Group 1-18,text,true,,11947,8,8,542
1448546750387,457,LG G3 16GB Page,200,OK,Thread Group 1-19,text,true,,11947,8,8,455
1448546750944,518,LG G3 16GB Page,200,OK,Thread Group 1-16,text,true,,11947,9,9,516
1448546751376,682,LG G3 16GB Page,200,OK,Thread Group 1-20,text,true,,11947,8,8,680
1448546751423,686,LG G3 16GB Page,200,OK,Thread Group 1-17,text,true,,11947,8,8,675
1448546751423,692,LG G3 16GB Page,200,OK,Thread Group 1-22,text,true,,11947,8,8,690
1448546751423,742,LG G3 16GB Page,200,OK,Thread Group 1-21,text,true,,11947,8,8,652
1448546751587,766,LG G3 16GB Page,200,OK,Thread Group 1-23,text,true,,11947,8,8,765
1448546751724,855,LG G3 16GB Page,200,OK,Thread Group 1-18,text,true,,11947,8,8,848
1448546753008,660,LG G3 16GB Page,200,OK,Thread Group 1-19,text,true,,11947,8,8,603
1448546753262,501,LG G3 16GB Page,200,OK,Thread Group 1-24,text,true,,11947,8,8,491
1448546753880,526,LG G3 16GB Page,200,OK,Thread Group 1-20,text,true,,11947,9,9,524
1448546754088,893,LG G3 16GB Page,200,OK,Thread Group 1-17,text,true,,11947,9,9,892
1448546754127,1016,LG G3 16GB Page,200,OK,Thread Group 1-22,text,true,,11947,8,8,1008
1448546754168,1169,LG G3 16GB Page,200,OK,Thread Group 1-23,text,true,,11947,8,8,1167
1448546754223,1217,LG G3 16GB Page,200,OK,Thread Group 1-21,text,true,,11947,8,8,1154
1448546754370,1144,LG G3 16GB Page,200,OK,Thread Group 1-18,text,true,,11947,8,8,1138
1448546756088,581,LG G3 16GB Page,200,OK,Thread Group 1-24,text,true,,11947,8,8,525
1448546756042,825,LG G3 16GB Page,200,OK,Thread Group 1-19,text,true,,11947,8,8,824
1448546756522,799,LG G3 16GB Page,200,OK,Thread Group 1-25,text,true,,11947,9,9,798
1448546757073,557,LG G3 16GB Page,200,OK,Thread Group 1-23,text,true,,11947,9,9,551
1448546757153,540,LG G3 16GB Page,200,OK,Thread Group 1-22,text,true,,11947,9,9,538
1448546757046,678,LG G3 16GB Page,200,OK,Thread Group 1-20,text,true,,11947,9,9,673
1448546757284,547,LG G3 16GB Page,200,OK,Thread Group 1-21,text,true,,11947,9,9,545
1448546757270,653,LG G3 16GB Page,200,OK,Thread Group 1-18,text,true,,11947,9,9,651
1448546758424,836,LG G3 16GB Page,200,OK,Thread Group 1-19,text,true,,11947,8,8,833
1448546758791,516,LG G3 16GB Page,200,OK,Thread Group 1-26,text,true,,11947,8,8,512
1448546758805,509,LG G3 16GB Page,200,OK,Thread Group 1-24,text,true,,11947,8,8,503
1448546759041,441,LG G3 16GB Page,200,OK,Thread Group 1-25,text,true,,11947,8,8,436
1448546759223,621,LG G3 16GB Page,200,OK,Thread Group 1-23,text,true,,11947,8,8,620
1448546759367,514,LG G3 16GB Page,200,OK,Thread Group 1-20,text,true,,11947,8,8,513
1448546759385,500,LG G3 16GB Page,200,OK,Thread Group 1-21,text,true,,11947,8,8,499
1448546759370,867,LG G3 16GB Page,200,OK,Thread Group 1-22,text,true,,11947,9,9,864
1448546761058,432,LG G3 16GB Page,200,OK,Thread Group 1-19,text,true,,11947,9,9,415
1448546761156,464,LG G3 16GB Page,200,OK,Thread Group 1-26,text,true,,11947,8,8,454
1448546761263,497,LG G3 16GB Page,200,OK,Thread Group 1-25,text,true,,11947,8,8,496
1448546761270,495,LG G3 16GB Page,200,OK,Thread Group 1-24,text,true,,11947,8,8,493
1448546761509,848,LG G3 16GB Page,200,OK,Thread Group 1-23,text,true,,11947,8,8,847
1448546761511,887,LG G3 16GB Page,200,OK,Thread Group 1-20,text,true,,11947,8,8,866
1448546761694,947,LG G3 16GB Page,200,OK,Thread Group 1-22,text,true,,11947,8,8,927
1448546761629,1043,LG G3 16GB Page,200,OK,Thread Group 1-27,text,true,,11947,8,8,951
1448546761659,1034,LG G3 16GB Page,200,OK,Thread Group 1-21,text,true,,11947,8,8,927
1448546763834,262,LG G3 16GB Page,200,OK,Thread Group 1-26,text,false,Test failed: text expected to contain /<h1>LG G3 16 GB  White</h1>/,20627,9,9,208
1448546763834,264,LG G3 16GB Page,200,OK,Thread Group 1-25,text,false,Test failed: text expected to contain /<h1>LG G3 16 GB  White</h1>/,20627,9,9,220
1448546763834,645,LG G3 16GB Page,200,OK,Thread Group 1-24,text,true,,11947,9,9,643
1448546764013,761,LG G3 16GB Page,200,OK,Thread Group 1-23,text,true,,11947,9,9,753
1448546764116,873,LG G3 16GB Page,200,OK,Thread Group 1-20,text,false,Test failed: text expected to contain /<h1>LG G3 16 GB  White</h1>/,6604,9,9,872
1448546765024,58,LG G3 16GB Page,200,OK,Thread Group 1-28,text,false,Test failed: text expected to contain /<h1>LG G3 16 GB  White</h1>/,5798,8,8,58
1448546764487,785,LG G3 16GB Page,200,OK,Thread Group 1-21,text,true,,11947,8,8,770
1448546764441,892,LG G3 16GB Page,200,OK,Thread Group 1-27,text,true,,11947,8,8,821
1448546764301,1146,LG G3 16GB Page,200,OK,Thread Group 1-22,text,true,,11947,8,8,1146
1448546766186,58,LG G3 16GB Page,200,OK,Thread Group 1-26,text,false,Test failed: text expected to contain /<h1>LG G3 16 GB  White</h1>/,5798,9,9,58
1448546766392,57,LG G3 16GB Page,200,OK,Thread Group 1-25,text,false,Test failed: text expected to contain /<h1>LG G3 16 GB  White</h1>/,5798,9,9,57
1448546766684,62,LG G3 16GB Page,200,OK,Thread Group 1-23,text,false,Test failed: text expected to contain /<h1>LG G3 16 GB  White</h1>/,5798,9,9,61
1448546767009,55,LG G3 16GB Page,200,OK,Thread Group 1-24,text,false,Test failed: text expected to contain /<h1>LG G3 16 GB  White</h1>/,5798,9,9,54
1448546767051,57,LG G3 16GB Page,200,OK,Thread Group 1-28,text,false,Test failed: text expected to contain /<h1>LG G3 16 GB  White</h1>/,5798,9,9,56
1448546767057,56,LG G3 16GB Page,200,OK,Thread Group 1-27,text,false,Test failed: text expected to contain /<h1>LG G3 16 GB  White</h1>/,5798,9,9,55
1448546767079,70,LG G3 16GB Page,200,OK,Thread Group 1-21,text,false,Test failed: text expected to contain /<h1>LG G3 16 GB  White</h1>/,5798,9,9,69
1448546767212,61,LG G3 16GB Page,200,OK,Thread Group 1-22,text,false,Test failed: text expected to contain /<h1>LG G3 16 GB  White</h1>/,5798,8,8,61
1448546767615,57,LG G3 16GB Page,200,OK,Thread Group 1-29,text,false,Test failed: text expected to contain /<h1>LG G3 16 GB  White</h1>/,5798,8,8,56
1448546767782,126,LG G3 16GB Page,200,OK,Thread Group 1-26,text,false,Test failed: text expected to contain /<h1>LG G3 16 GB  White</h1>/,5798,8,8,126
1448546768044,61,LG G3 16GB Page,200,OK,Thread Group 1-25,text,false,Test failed: text expected to contain /<h1>LG G3 16 GB  White</h1>/,5798,8,8,60
1448546768197,57,LG G3 16GB Page,200,OK,Thread Group 1-23,text,false,Test failed: text expected to contain /<h1>LG G3 16 GB  White</h1>/,5798,8,8,57
1448546768569,57,LG G3 16GB Page,200,OK,Thread Group 1-24,text,false,Test failed: text expected to contain /<h1>LG G3 16 GB  White</h1>/,5798,8,8,57
1448546768690,56,LG G3 16GB Page,200,OK,Thread Group 1-28,text,false,Test failed: text expected to contain /<h1>LG G3 16 GB  White</h1>/,5798,8,8,56
1448546768750,63,LG G3 16GB Page,200,OK,Thread Group 1-22,text,false,Test failed: text expected to contain /<h1>LG G3 16 GB  White</h1>/,5798,8,8,62
1448546769000,67,LG G3 16GB Page,200,OK,Thread Group 1-27,text,false,Test failed: text expected to contain /<h1>LG G3 16 GB  White</h1>/,5798,8,8,66
1448546769479,82,LG G3 16GB Page,200,OK,Thread Group 1-25,text,false,Test failed: text expected to contain /<h1>LG G3 16 GB  White</h1>/,5798,8,8,82
1448546769507,76,LG G3 16GB Page,200,OK,Thread Group 1-29,text,false,Test failed: text expected to contain /<h1>LG G3 16 GB  White</h1>/,5798,8,8,75
1448546769644,56,LG G3 16GB Page,200,OK,Thread Group 1-26,text,false,Test failed: text expected to contain /<h1>LG G3 16 GB  White</h1>/,5798,8,8,55
1448546769810,56,LG G3 16GB Page,200,OK,Thread Group 1-24,text,false,Test failed: text expected to contain /<h1>LG G3 16 GB  White</h1>/,5798,8,8,55
1448546769943,62,LG G3 16GB Page,200,OK,Thread Group 1-28,text,false,Test failed: text expected to contain /<h1>LG G3 16 GB  White</h1>/,5798,8,8,61
1448546770114,80,LG G3 16GB Page,200,OK,Thread Group 1-27,text,false,Test failed: text expected to contain /<h1>LG G3 16 GB  White</h1>/,5798,8,8,79
1448546770131,67,LG G3 16GB Page,200,OK,Thread Group 1-23,text,false,Test failed: text expected to contain /<h1>LG G3 16 GB  White</h1>/,5798,8,8,66
1448546770281,55,LG G3 16GB Page,200,OK,Thread Group 1-30,text,false,Test failed: text expected to contain /<h1>LG G3 16 GB  White</h1>/,5798,7,7,55
1448546770760,58,LG G3 16GB Page,200,OK,Thread Group 1-25,text,false,Test failed: text expected to contain /<h1>LG G3 16 GB  White</h1>/,5798,7,7,57
1448546770877,57,LG G3 16GB Page,200,OK,Thread Group 1-29,text,false,Test failed: text expected to contain /<h1>LG G3 16 GB  White</h1>/,5798,7,7,57
1448546770950,62,LG G3 16GB Page,200,OK,Thread Group 1-26,text,false,Test failed: text expected to contain /<h1>LG G3 16 GB  White</h1>/,5798,7,7,61
1448546771195,76,LG G3 16GB Page,200,OK,Thread Group 1-24,text,false,Test failed: text expected to contain /<h1>LG G3 16 GB  White</h1>/,5798,7,7,75
1448546771346,63,LG G3 16GB Page,200,OK,Thread Group 1-28,text,false,Test failed: text expected to contain /<h1>LG G3 16 GB  White</h1>/,5798,7,7,62
1448546771537,54,LG G3 16GB Page,200,OK,Thread Group 1-27,text,false,Test failed: text expected to contain /<h1>LG G3 16 GB  White</h1>/,5798,7,7,54
1448546771702,60,LG G3 16GB Page,200,OK,Thread Group 1-30,text,false,Test failed: text expected to contain /<h1>LG G3 16 GB  White</h1>/,5798,7,7,59
1448547007857,71,LG G3 16GB Page,200,OK,Thread Group 1-7,text,false,Test failed: text expected to contain /<h1>LG G3 16 GB  White</h1>/,5798,10,10,71
1448547007952,56,LG G3 16GB Page,200,OK,Thread Group 1-9,text,false,Test failed: text expected to contain /<h1>LG G3 16 GB  White</h1>/,5798,10,10,55
1448547008000,57,LG G3 16GB Page,200,OK,Thread Group 1-4,text,false,Test failed: text expected to contain /<h1>LG G3 16 GB  White</h1>/,5798,10,10,57
1448547008013,65,LG G3 16GB Page,200,OK,Thread Group 1-5,text,false,Test failed: text expected to contain /<h1>LG G3 16 GB  White</h1>/,5798,10,10,65
1448547008172,63,LG G3 16GB Page,200,OK,Thread Group 1-10,text,false,Test failed: text expected to contain /<h1>LG G3 16 GB  White</h1>/,5798,10,10,63
1448547008186,66,LG G3 16GB Page,200,OK,Thread Group 1-2,text,false,Test failed: text expected to contain /<h1>LG G3 16 GB  White</h1>/,5798,10,10,65
1448547008390,61,LG G3 16GB Page,200,OK,Thread Group 1-3,text,false,Test failed: text expected to contain /<h1>LG G3 16 GB  White</h1>/,5798,10,10,60
1448547008462,61,LG G3 16GB Page,200,OK,Thread Group 1-6,text,false,Test failed: text expected to contain /<h1>LG G3 16 GB  White</h1>/,5798,10,10,61
1448547008505,63,LG G3 16GB Page,200,OK,Thread Group 1-1,text,false,Test failed: text expected to contain /<h1>LG G3 16 GB  White</h1>/,5798,10,10,63
1448547008963,61,LG G3 16GB Page,200,OK,Thread Group 1-8,text,false,Test failed: text expected to contain /<h1>LG G3 16 GB  White</h1>/,5798,10,10,61
1448547009692,77,LG G3 16GB Page,200,OK,Thread Group 1-7,text,false,Test failed: text expected to contain /<h1>LG G3 16 GB  White</h1>/,5798,10,10,76
1448547009739,63,LG G3 16GB Page,200,OK,Thread Group 1-9,text,false,Test failed: text expected to contain /<h1>LG G3 16 GB  White</h1>/,5798,10,10,62
1448547009827,57,LG G3 16GB Page,200,OK,Thread Group 1-4,text,false,Test failed: text expected to contain /<h1>LG G3 16 GB  White</h1>/,5798,10,10,56
1448547009942,60,LG G3 16GB Page,200,OK,Thread Group 1-10,text,false,Test failed: text expected to contain /<h1>LG G3 16 GB  White</h1>/,5798,10,10,59
1448547010005,60,LG G3 16GB Page,200,OK,Thread Group 1-5,text,false,Test failed: text expected to contain /<h1>LG G3 16 GB  White</h1>/,5798,10,10,60
1448547010277,64,LG G3 16GB Page,200,OK,Thread Group 1-2,text,false,Test failed: text expected to contain /<h1>LG G3 16 GB  White</h1>/,5798,10,10,63
1448547010321,55,LG G3 16GB Page,200,OK,Thread Group 1-6,text,false,Test failed: text expected to contain /<h1>LG G3 16 GB  White</h1>/,5798,10,10,54
1448547010358,60,LG G3 16GB Page,200,OK,Thread Group 1-1,text,false,Test failed: text expected to contain /<h1>LG G3 16 GB  White</h1>/,5798,10,10,60
1448547010409,57,LG G3 16GB Page,200,OK,Thread Group 1-3,text,false,Test failed: text expected to contain /<h1>LG G3 16 GB  White</h1>/,5798,10,10,56
1448547010923,58,LG G3 16GB Page,200,OK,Thread Group 1-8,text,false,Test failed: text expected to contain /<h1>LG G3 16 GB  White</h1>/,5798,10,10,58
1448547011430,55,LG G3 16GB Page,200,OK,Thread Group 1-9,text,false,Test failed: text expected to contain /<h1>LG G3 16 GB  White</h1>/,5798,10,10,54
1448547011556,55,LG G3 16GB Page,200,OK,Thread Group 1-7,text,false,Test failed: text expected to contain /<h1>LG G3 16 GB  White</h1>/,5798,10,10,55
1448547011570,56,LG G3 16GB Page,200,OK,Thread Group 1-4,text,false,Test failed: text expected to contain /<h1>LG G3 16 GB  White</h1>/,5798,10,10,55
1448547011784,62,LG G3 16GB Page,200,OK,Thread Group 1-10,text,false,Test failed: text expected to contain /<h1>LG G3 16 GB  White</h1>/,5798,10,10,61
1448547011885,62,LG G3 16GB Page,200,OK,Thread Group 1-5,text,false,Test failed: text expected to contain /<h1>LG G3 16 GB  White</h1>/,5798,10,10,61
1448547012426,56,LG G3 16GB Page,200,OK,Thread Group 1-2,text,false,Test failed: text expected to contain /<h1>LG G3 16 GB  White</h1>/,5798,10,10,55
1448547012451,54,LG G3 16GB Page,200,OK,Thread Group 1-1,text,false,Test failed: text expected to contain /<h1>LG G3 16 GB  White</h1>/,5798,10,10,54
1448547012535,58,LG G3 16GB Page,200,OK,Thread Group 1-6,text,false,Test failed: text expected to contain /<h1>LG G3 16 GB  White</h1>/,5798,10,10,58
1448547012545,59,LG G3 16GB Page,200,OK,Thread Group 1-3,text,false,Test failed: text expected to contain /<h1>LG G3 16 GB  White</h1>/,5798,10,10,59
1448547012980,61,LG G3 16GB Page,200,OK,Thread Group 1-8,text,false,Test failed: text expected to contain /<h1>LG G3 16 GB  White</h1>/,5798,10,10,60
1448547014025,103,LG G3 16GB Page,200,OK,Thread Group 1-9,text,false,Test failed: text expected to contain /<h1>LG G3 16 GB  White</h1>/,5798,10,10,102
1448547014052,85,LG G3 16GB Page,200,OK,Thread Group 1-4,text,false,Test failed: text expected to contain /<h1>LG G3 16 GB  White</h1>/,5798,10,10,81
1448547014045,86,LG G3 16GB Page,200,OK,Thread Group 1-7,text,false,Test failed: text expected to contain /<h1>LG G3 16 GB  White</h1>/,5798,10,10,85
1448547014113,69,LG G3 16GB Page,200,OK,Thread Group 1-5,text,false,Test failed: text expected to contain /<h1>LG G3 16 GB  White</h1>/,5798,10,10,68
1448547014183,63,LG G3 16GB Page,200,OK,Thread Group 1-10,text,false,Test failed: text expected to contain /<h1>LG G3 16 GB  White</h1>/,5798,10,10,62
1448547014506,56,LG G3 16GB Page,200,OK,Thread Group 1-2,text,false,Test failed: text expected to contain /<h1>LG G3 16 GB  White</h1>/,5798,10,10,55
1448547015034,76,LG G3 16GB Page,200,OK,Thread Group 1-6,text,false,Test failed: text expected to contain /<h1>LG G3 16 GB  White</h1>/,5798,10,10,76
1448547015338,77,LG G3 16GB Page,200,OK,Thread Group 1-3,text,false,Test failed: text expected to contain /<h1>LG G3 16 GB  White</h1>/,5798,10,10,77
1448547015346,145,LG G3 16GB Page,200,OK,Thread Group 1-8,text,false,Test failed: text expected to contain /<h1>LG G3 16 GB  White</h1>/,5798,10,10,145
1448547015402,116,LG G3 16GB Page,200,OK,Thread Group 1-1,text,false,Test failed: text expected to contain /<h1>LG G3 16 GB  White</h1>/,5798,10,10,116
1448547016378,104,LG G3 16GB Page,200,OK,Thread Group 1-9,text,false,Test failed: text expected to contain /<h1>LG G3 16 GB  White</h1>/,5798,10,10,104
1448547016405,105,LG G3 16GB Page,200,OK,Thread Group 1-7,text,false,Test failed: text expected to contain /<h1>LG G3 16 GB  White</h1>/,5798,10,10,104
1448547016629,123,LG G3 16GB Page,200,OK,Thread Group 1-4,text,false,Test failed: text expected to contain /<h1>LG G3 16 GB  White</h1>/,5798,10,10,122
1448547016812,81,LG G3 16GB Page,200,OK,Thread Group 1-5,text,false,Test failed: text expected to contain /<h1>LG G3 16 GB  White</h1>/,5798,10,10,80
1448547016854,77,LG G3 16GB Page,200,OK,Thread Group 1-10,text,false,Test failed: text expected to contain /<h1>LG G3 16 GB  White</h1>/,5798,10,10,77
1448547017075,65,LG G3 16GB Page,200,OK,Thread Group 1-2,text,false,Test failed: text expected to contain /<h1>LG G3 16 GB  White</h1>/,5798,10,10,65
1448547017542,70,LG G3 16GB Page,200,OK,Thread Group 1-6,text,false,Test failed: text expected to contain /<h1>LG G3 16 GB  White</h1>/,5798,10,10,69
1448547017775,62,LG G3 16GB Page,200,OK,Thread Group 1-1,text,false,Test failed: text expected to contain /<h1>LG G3 16 GB  White</h1>/,5798,10,10,61
1448547017921,78,LG G3 16GB Page,200,OK,Thread Group 1-3,text,false,Test failed: text expected to contain /<h1>LG G3 16 GB  White</h1>/,5798,10,10,78
1448547017967,109,LG G3 16GB Page,200,OK,Thread Group 1-8,text,false,Test failed: text expected to contain /<h1>LG G3 16 GB  White</h1>/,5798,10,10,108
1448547018242,59,LG G3 16GB Page,200,OK,Thread Group 1-7,text,false,Test failed: text expected to contain /<h1>LG G3 16 GB  White</h1>/,5798,10,10,58
1448547018552,61,LG G3 16GB Page,200,OK,Thread Group 1-9,text,false,Test failed: text expected to contain /<h1>LG G3 16 GB  White</h1>/,5798,10,10,60
1448547018835,59,LG G3 16GB Page,200,OK,Thread Group 1-4,text,false,Test failed: text expected to contain /<h1>LG G3 16 GB  White</h1>/,5798,10,10,58
1448547018880,56,LG G3 16GB Page,200,OK,Thread Group 1-10,text,false,Test failed: text expected to contain /<h1>LG G3 16 GB  White</h1>/,5798,10,10,55
1448547018968,57,LG G3 16GB Page,200,OK,Thread Group 1-5,text,false,Test failed: text expected to contain /<h1>LG G3 16 GB  White</h1>/,5798,10,10,57
1448547019204,71,LG G3 16GB Page,200,OK,Thread Group 1-2,text,false,Test failed: text expected to contain /<h1>LG G3 16 GB  White</h1>/,5798,10,10,70
1448547019743,61,LG G3 16GB Page,200,OK,Thread Group 1-1,text,false,Test failed: text expected to contain /<h1>LG G3 16 GB  White</h1>/,5798,10,10,60
1448547019754,59,LG G3 16GB Page,200,OK,Thread Group 1-6,text,false,Test failed: text expected to contain /<h1>LG G3 16 GB  White</h1>/,5798,10,10,58
1448547020074,63,LG G3 16GB Page,200,OK,Thread Group 1-3,text,false,Test failed: text expected to contain /<h1>LG G3 16 GB  White</h1>/,5798,10,10,62
1448547020275,55,LG G3 16GB Page,200,OK,Thread Group 1-8,text,false,Test failed: text expected to contain /<h1>LG G3 16 GB  White</h1>/,5798,10,10,55
1448547020321,59,LG G3 16GB Page,200,OK,Thread Group 1-7,text,false,Test failed: text expected to contain /<h1>LG G3 16 GB  White</h1>/,5798,10,10,59
1448547020506,57,LG G3 16GB Page,200,OK,Thread Group 1-9,text,false,Test failed: text expected to contain /<h1>LG G3 16 GB  White</h1>/,5798,10,10,56
1448547020791,66,LG G3 16GB Page,200,OK,Thread Group 1-4,text,false,Test failed: text expected to contain /<h1>LG G3 16 GB  White</h1>/,5798,10,10,65
1448547020798,61,LG G3 16GB Page,200,OK,Thread Group 1-10,text,false,Test failed: text expected to contain /<h1>LG G3 16 GB  White</h1>/,5798,10,10,60
1448547020842,59,LG G3 16GB Page,200,OK,Thread Group 1-5,text,false,Test failed: text expected to contain /<h1>LG G3 16 GB  White</h1>/,5798,10,10,59
1448547021152,59,LG G3 16GB Page,200,OK,Thread Group 1-2,text,false,Test failed: text expected to contain /<h1>LG G3 16 GB  White</h1>/,5798,10,10,59
1448547021533,57,LG G3 16GB Page,200,OK,Thread Group 1-6,text,false,Test failed: text expected to contain /<h1>LG G3 16 GB  White</h1>/,5798,10,10,56
1448547021577,58,LG G3 16GB Page,200,OK,Thread Group 1-1,text,false,Test failed: text expected to contain /<h1>LG G3 16 GB  White</h1>/,5798,10,10,58
1448547021925,59,LG G3 16GB Page,200,OK,Thread Group 1-3,text,false,Test failed: text expected to contain /<h1>LG G3 16 GB  White</h1>/,5798,10,10,59
1448547022278,62,LG G3 16GB Page,200,OK,Thread Group 1-8,text,false,Test failed: text expected to contain /<h1>LG G3 16 GB  White</h1>/,5798,10,10,61
1448547022386,62,LG G3 16GB Page,200,OK,Thread Group 1-7,text,false,Test failed: text expected to contain /<h1>LG G3 16 GB  White</h1>/,5798,10,10,61
1448547022544,59,LG G3 16GB Page,200,OK,Thread Group 1-9,text,false,Test failed: text expected to contain /<h1>LG G3 16 GB  White</h1>/,5798,10,10,58
1448547022794,99,LG G3 16GB Page,200,OK,Thread Group 1-10,text,false,Test failed: text expected to contain /<h1>LG G3 16 GB  White</h1>/,5798,10,10,98
1448547022975,185,LG G3 16GB Page,200,OK,Thread Group 1-4,text,false,Test failed: text expected to contain /<h1>LG G3 16 GB  White</h1>/,5798,10,10,184
1448547023168,55,LG G3 16GB Page,200,OK,Thread Group 1-5,text,false,Test failed: text expected to contain /<h1>LG G3 16 GB  White</h1>/,5798,10,10,55
1448547023625,57,LG G3 16GB Page,200,OK,Thread Group 1-2,text,false,Test failed: text expected to contain /<h1>LG G3 16 GB  White</h1>/,5798,10,10,56
1448547023877,57,LG G3 16GB Page,200,OK,Thread Group 1-6,text,false,Test failed: text expected to contain /<h1>LG G3 16 GB  White</h1>/,5798,10,10,56
1448547023991,56,LG G3 16GB Page,200,OK,Thread Group 1-1,text,false,Test failed: text expected to contain /<h1>LG G3 16 GB  White</h1>/,5798,10,10,55
1448547024127,58,LG G3 16GB Page,200,OK,Thread Group 1-3,text,false,Test failed: text expected to contain /<h1>LG G3 16 GB  White</h1>/,5798,10,10,57
1448547024462,79,LG G3 16GB Page,200,OK,Thread Group 1-8,text,false,Test failed: text expected to contain /<h1>LG G3 16 GB  White</h1>/,5798,10,10,78
1448547024486,75,LG G3 16GB Page,200,OK,Thread Group 1-7,text,false,Test failed: text expected to contain /<h1>LG G3 16 GB  White</h1>/,5798,10,10,75
1448547024560,160,LG G3 16GB Page,200,OK,Thread Group 1-9,text,false,Test failed: text expected to contain /<h1>LG G3 16 GB  White</h1>/,5798,10,10,160
1448547025207,57,LG G3 16GB Page,200,OK,Thread Group 1-4,text,false,Test failed: text expected to contain /<h1>LG G3 16 GB  White</h1>/,5798,10,10,57
1448547025410,57,LG G3 16GB Page,200,OK,Thread Group 1-10,text,false,Test failed: text expected to contain /<h1>LG G3 16 GB  White</h1>/,5798,10,10,57
1448547025473,63,LG G3 16GB Page,200,OK,Thread Group 1-5,text,false,Test failed: text expected to contain /<h1>LG G3 16 GB  White</h1>/,5798,10,10,62
1448547025782,59,LG G3 16GB Page,200,OK,Thread Group 1-2,text,false,Test failed: text expected to contain /<h1>LG G3 16 GB  White</h1>/,5798,10,10,59
1448547026249,78,LG G3 16GB Page,200,OK,Thread Group 1-6,text,false,Test failed: text expected to contain /<h1>LG G3 16 GB  White</h1>/,5798,10,10,76
1448547026399,74,LG G3 16GB Page,200,OK,Thread Group 1-1,text,false,Test failed: text expected to contain /<h1>LG G3 16 GB  White</h1>/,5798,10,10,73
1448547026520,57,LG G3 16GB Page,200,OK,Thread Group 1-3,text,false,Test failed: text expected to contain /<h1>LG G3 16 GB  White</h1>/,5798,10,10,56
1448547026837,58,LG G3 16GB Page,200,OK,Thread Group 1-9,text,false,Test failed: text expected to contain /<h1>LG G3 16 GB  White</h1>/,5798,10,10,57
1448547026954,61,LG G3 16GB Page,200,OK,Thread Group 1-7,text,false,Test failed: text expected to contain /<h1>LG G3 16 GB  White</h1>/,5798,9,9,60
1448547027133,58,LG G3 16GB Page,200,OK,Thread Group 1-8,text,false,Test failed: text expected to contain /<h1>LG G3 16 GB  White</h1>/,5798,8,8,57
1448547027214,59,LG G3 16GB Page,200,OK,Thread Group 1-10,text,false,Test failed: text expected to contain /<h1>LG G3 16 GB  White</h1>/,5798,8,8,59
1448547027353,61,LG G3 16GB Page,200,OK,Thread Group 1-4,text,false,Test failed: text expected to contain /<h1>LG G3 16 GB  White</h1>/,5798,7,7,60
1448547027438,58,LG G3 16GB Page,200,OK,Thread Group 1-5,text,false,Test failed: text expected to contain /<h1>LG G3 16 GB  White</h1>/,5798,6,6,57
1448547027453,109,LG G3 16GB Page,200,OK,Thread Group 1-2,text,false,Test failed: text expected to contain /<h1>LG G3 16 GB  White</h1>/,5798,5,5,63
1448547027757,55,LG G3 16GB Page,200,OK,Thread Group 1-6,text,false,Test failed: text expected to contain /<h1>LG G3 16 GB  White</h1>/,5798,4,4,54
1448547027990,58,LG G3 16GB Page,200,OK,Thread Group 1-3,text,false,Test failed: text expected to contain /<h1>LG G3 16 GB  White</h1>/,5798,3,3,57
1448547028114,56,LG G3 16GB Page,200,OK,Thread Group 1-1,text,false,Test failed: text expected to contain /<h1>LG G3 16 GB  White</h1>/,5798,2,2,55
1448547028599,56,LG G3 16GB Page,200,OK,Thread Group 1-8,text,false,Test failed: text expected to contain /<h1>LG G3 16 GB  White</h1>/,5798,1,1,56
1448548277115,477,LG G3 16GB Page,200,OK,Thread Group 1-1,text,true,,11571,1,1,475
1448548318927,409,LG G3 16GB Page,200,OK,Thread Group 1-1,text,true,,11571,1,1,405
1448611909379,757,LG G3 16GB Page,200,OK,Thread Group 1-1,text,true,,11484,3,3,751
1448611909383,754,LG G3 16GB Page,200,OK,Thread Group 1-2,text,true,,11484,3,3,751
1448611911629,916,LG G3 16GB Page,200,OK,Thread Group 1-3,text,true,,11484,3,3,915
1448611911836,775,LG G3 16GB Page,200,OK,Thread Group 1-2,text,true,,11484,3,3,769
1448611912088,619,LG G3 16GB Page,200,OK,Thread Group 1-1,text,true,,11484,3,3,615
1448611913980,431,LG G3 16GB Page,200,OK,Thread Group 1-3,text,true,,11484,4,4,426
1448611914084,448,LG G3 16GB Page,200,OK,Thread Group 1-2,text,true,,11484,4,4,445
1448611914203,505,LG G3 16GB Page,200,OK,Thread Group 1-1,text,true,,11484,4,4,503
1448611914422,431,LG G3 16GB Page,200,OK,Thread Group 1-4,text,true,,11484,4,4,427
1448611915885,468,LG G3 16GB Page,200,OK,Thread Group 1-2,text,true,,11484,5,5,457
1448611915763,655,LG G3 16GB Page,200,OK,Thread Group 1-3,text,true,,11484,5,5,653
1448611916052,503,LG G3 16GB Page,200,OK,Thread Group 1-1,text,true,,11484,5,5,502
1448611916263,408,LG G3 16GB Page,200,OK,Thread Group 1-4,text,true,,11484,5,5,407
1448611917537,847,LG G3 16GB Page,200,OK,Thread Group 1-5,text,true,,11484,5,5,837
1448611918175,591,LG G3 16GB Page,200,OK,Thread Group 1-2,text,true,,11484,5,5,588
1448611918288,575,LG G3 16GB Page,200,OK,Thread Group 1-3,text,true,,11484,5,5,574
1448611918751,456,LG G3 16GB Page,200,OK,Thread Group 1-1,text,true,,11484,6,6,450
1448611919073,749,LG G3 16GB Page,200,OK,Thread Group 1-4,text,true,,11484,6,6,748
1448611920176,772,LG G3 16GB Page,200,OK,Thread Group 1-5,text,true,,11484,6,6,763
1448611920972,858,LG G3 16GB Page,200,OK,Thread Group 1-6,text,true,,11484,6,6,855
1448611921008,895,LG G3 16GB Page,200,OK,Thread Group 1-3,text,true,,11484,7,7,887
1448611920980,1076,LG G3 16GB Page,200,OK,Thread Group 1-2,text,true,,11484,7,7,1076
1448611921718,1002,LG G3 16GB Page,200,OK,Thread Group 1-1,text,true,,11484,7,7,1000
1448611922131,865,LG G3 16GB Page,200,OK,Thread Group 1-4,text,true,,11484,7,7,861
1448611923220,820,LG G3 16GB Page,200,OK,Thread Group 1-5,text,true,,11484,7,7,819
1448611923716,493,LG G3 16GB Page,200,OK,Thread Group 1-6,text,true,,11484,7,7,484
1448611923850,437,LG G3 16GB Page,200,OK,Thread Group 1-7,text,true,,11484,7,7,434
1448611923770,545,LG G3 16GB Page,200,OK,Thread Group 1-3,text,true,,11484,7,7,541
1448611923943,437,LG G3 16GB Page,200,OK,Thread Group 1-2,text,true,,11484,7,7,436
1448611924459,421,LG G3 16GB Page,200,OK,Thread Group 1-4,text,true,,11484,7,7,416
1448611924556,459,LG G3 16GB Page,200,OK,Thread Group 1-1,text,true,,11484,8,8,457
1448611925617,492,LG G3 16GB Page,200,OK,Thread Group 1-6,text,true,,11484,8,8,489
1448611925958,421,LG G3 16GB Page,200,OK,Thread Group 1-3,text,true,,11484,8,8,419
1448611925999,530,LG G3 16GB Page,200,OK,Thread Group 1-5,text,true,,11484,8,8,528
1448611926283,477,LG G3 16GB Page,200,OK,Thread Group 1-7,text,true,,11484,8,8,472
1448611926153,704,LG G3 16GB Page,200,OK,Thread Group 1-4,text,false,Test failed: text expected to contain /<h1>LG G3 16 GB  White</h1>/,6600,8,8,703
1448611926272,592,LG G3 16GB Page,200,OK,Thread Group 1-2,text,true,,11484,8,8,485
1448611926552,496,LG G3 16GB Page,200,OK,Thread Group 1-1,text,true,,11484,8,8,495
1448611926776,900,LG G3 16GB Page,200,OK,Thread Group 1-8,text,true,,11484,8,8,899
1448611927826,57,LG G3 16GB Page,200,OK,Thread Group 1-6,text,false,Test failed: text expected to contain /<h1>LG G3 16 GB  White</h1>/,5794,9,9,57
1448611928207,56,LG G3 16GB Page,200,OK,Thread Group 1-3,text,false,Test failed: text expected to contain /<h1>LG G3 16 GB  White</h1>/,5794,9,9,55
1448611928539,51,LG G3 16GB Page,200,OK,Thread Group 1-5,text,false,Test failed: text expected to contain /<h1>LG G3 16 GB  White</h1>/,5794,9,9,50
1448611928701,51,LG G3 16GB Page,200,OK,Thread Group 1-7,text,false,Test failed: text expected to contain /<h1>LG G3 16 GB  White</h1>/,5794,9,9,50
1448611928849,57,LG G3 16GB Page,200,OK,Thread Group 1-4,text,false,Test failed: text expected to contain /<h1>LG G3 16 GB  White</h1>/,5794,9,9,56
1448611928966,49,LG G3 16GB Page,200,OK,Thread Group 1-2,text,false,Test failed: text expected to contain /<h1>LG G3 16 GB  White</h1>/,5794,9,9,48
1448611929052,64,LG G3 16GB Page,200,OK,Thread Group 1-1,text,false,Test failed: text expected to contain /<h1>LG G3 16 GB  White</h1>/,5794,9,9,64
1448611929484,54,LG G3 16GB Page,200,OK,Thread Group 1-8,text,false,Test failed: text expected to contain /<h1>LG G3 16 GB  White</h1>/,5794,9,9,53
1448611929533,54,LG G3 16GB Page,200,OK,Thread Group 1-6,text,false,Test failed: text expected to contain /<h1>LG G3 16 GB  White</h1>/,5794,9,9,53
1448611929555,62,LG G3 16GB Page,200,OK,Thread Group 1-9,text,false,Test failed: text expected to contain /<h1>LG G3 16 GB  White</h1>/,5794,9,9,61
1448611929881,51,LG G3 16GB Page,200,OK,Thread Group 1-3,text,false,Test failed: text expected to contain /<h1>LG G3 16 GB  White</h1>/,5794,9,9,50
1448611929957,64,LG G3 16GB Page,200,OK,Thread Group 1-5,text,false,Test failed: text expected to contain /<h1>LG G3 16 GB  White</h1>/,5794,9,9,64
1448611930136,51,LG G3 16GB Page,200,OK,Thread Group 1-7,text,false,Test failed: text expected to contain /<h1>LG G3 16 GB  White</h1>/,5794,9,9,50
1448611930738,65,LG G3 16GB Page,200,OK,Thread Group 1-4,text,false,Test failed: text expected to contain /<h1>LG G3 16 GB  White</h1>/,5794,9,9,64
1448611930760,62,LG G3 16GB Page,200,OK,Thread Group 1-1,text,false,Test failed: text expected to contain /<h1>LG G3 16 GB  White</h1>/,5794,9,9,62
1448611930760,82,LG G3 16GB Page,200,OK,Thread Group 1-2,text,false,Test failed: text expected to contain /<h1>LG G3 16 GB  White</h1>/,5794,9,9,81
1448611931485,55,LG G3 16GB Page,200,OK,Thread Group 1-6,text,false,Test failed: text expected to contain /<h1>LG G3 16 GB  White</h1>/,5794,8,8,54
1448611931544,59,LG G3 16GB Page,200,OK,Thread Group 1-9,text,false,Test failed: text expected to contain /<h1>LG G3 16 GB  White</h1>/,5794,8,8,59
1448611931678,55,LG G3 16GB Page,200,OK,Thread Group 1-8,text,false,Test failed: text expected to contain /<h1>LG G3 16 GB  White</h1>/,5794,8,8,54
1448611931973,57,LG G3 16GB Page,200,OK,Thread Group 1-3,text,false,Test failed: text expected to contain /<h1>LG G3 16 GB  White</h1>/,5794,8,8,56
1448611932088,60,LG G3 16GB Page,200,OK,Thread Group 1-5,text,false,Test failed: text expected to contain /<h1>LG G3 16 GB  White</h1>/,5794,7,7,59
1448611932110,50,LG G3 16GB Page,200,OK,Thread Group 1-7,text,false,Test failed: text expected to contain /<h1>LG G3 16 GB  White</h1>/,5794,7,7,50
1448611932843,50,LG G3 16GB Page,200,OK,Thread Group 1-10,text,false,Test failed: text expected to contain /<h1>LG G3 16 GB  White</h1>/,5794,7,7,50
1448611932889,53,LG G3 16GB Page,200,OK,Thread Group 1-4,text,false,Test failed: text expected to contain /<h1>LG G3 16 GB  White</h1>/,5794,7,7,52
1448611933366,53,LG G3 16GB Page,200,OK,Thread Group 1-6,text,false,Test failed: text expected to contain /<h1>LG G3 16 GB  White</h1>/,5794,7,7,52
1448611933552,57,LG G3 16GB Page,200,OK,Thread Group 1-9,text,false,Test failed: text expected to contain /<h1>LG G3 16 GB  White</h1>/,5794,7,7,56
1448611933761,58,LG G3 16GB Page,200,OK,Thread Group 1-8,text,false,Test failed: text expected to contain /<h1>LG G3 16 GB  White</h1>/,5794,7,7,57
1448611933846,64,LG G3 16GB Page,200,OK,Thread Group 1-5,text,false,Test failed: text expected to contain /<h1>LG G3 16 GB  White</h1>/,5794,8,8,63
1448611934107,51,LG G3 16GB Page,200,OK,Thread Group 1-7,text,false,Test failed: text expected to contain /<h1>LG G3 16 GB  White</h1>/,5794,8,8,50
1448611934332,53,LG G3 16GB Page,200,OK,Thread Group 1-4,text,false,Test failed: text expected to contain /<h1>LG G3 16 GB  White</h1>/,5794,8,8,52
1448611934347,62,LG G3 16GB Page,200,OK,Thread Group 1-10,text,false,Test failed: text expected to contain /<h1>LG G3 16 GB  White</h1>/,5794,7,7,61
1448611934833,54,LG G3 16GB Page,200,OK,Thread Group 1-6,text,false,Test failed: text expected to contain /<h1>LG G3 16 GB  White</h1>/,5794,7,7,53
1448611935187,50,LG G3 16GB Page,200,OK,Thread Group 1-9,text,false,Test failed: text expected to contain /<h1>LG G3 16 GB  White</h1>/,5794,7,7,50
1448611935204,54,LG G3 16GB Page,200,OK,Thread Group 1-8,text,false,Test failed: text expected to contain /<h1>LG G3 16 GB  White</h1>/,5794,7,7,54
1448611935229,51,LG G3 16GB Page,200,OK,Thread Group 1-5,text,false,Test failed: text expected to contain /<h1>LG G3 16 GB  White</h1>/,5794,7,7,50
1448611935303,56,LG G3 16GB Page,200,OK,Thread Group 1-11,text,false,Test failed: text expected to contain /<h1>LG G3 16 GB  White</h1>/,5794,7,7,56
1448611935665,50,LG G3 16GB Page,200,OK,Thread Group 1-7,text,false,Test failed: text expected to contain /<h1>LG G3 16 GB  White</h1>/,5794,7,7,50
1448611936250,52,LG G3 16GB Page,200,OK,Thread Group 1-10,text,false,Test failed: text expected to contain /<h1>LG G3 16 GB  White</h1>/,5794,7,7,51
1448611936256,52,LG G3 16GB Page,200,OK,Thread Group 1-6,text,false,Test failed: text expected to contain /<h1>LG G3 16 GB  White</h1>/,5794,7,7,51
1448611936659,50,LG G3 16GB Page,200,OK,Thread Group 1-5,text,false,Test failed: text expected to contain /<h1>LG G3 16 GB  White</h1>/,5794,7,7,49
1448611936698,55,LG G3 16GB Page,200,OK,Thread Group 1-9,text,false,Test failed: text expected to contain /<h1>LG G3 16 GB  White</h1>/,5794,6,6,55
1448611936699,58,LG G3 16GB Page,200,OK,Thread Group 1-11,text,false,Test failed: text expected to contain /<h1>LG G3 16 GB  White</h1>/,5794,6,6,57
1448611936898,51,LG G3 16GB Page,200,OK,Thread Group 1-8,text,false,Test failed: text expected to contain /<h1>LG G3 16 GB  White</h1>/,5794,7,7,50
1448611937077,56,LG G3 16GB Page,200,OK,Thread Group 1-7,text,false,Test failed: text expected to contain /<h1>LG G3 16 GB  White</h1>/,5794,7,7,55
1448611938253,63,LG G3 16GB Page,200,OK,Thread Group 1-10,text,false,Test failed: text expected to contain /<h1>LG G3 16 GB  White</h1>/,5794,7,7,62
1448611938305,61,LG G3 16GB Page,200,OK,Thread Group 1-6,text,false,Test failed: text expected to contain /<h1>LG G3 16 GB  White</h1>/,5794,7,7,61
1448611938767,57,LG G3 16GB Page,200,OK,Thread Group 1-9,text,false,Test failed: text expected to contain /<h1>LG G3 16 GB  White</h1>/,5794,6,6,56
1448611938786,54,LG G3 16GB Page,200,OK,Thread Group 1-11,text,false,Test failed: text expected to contain /<h1>LG G3 16 GB  White</h1>/,5794,6,6,53
1448611938926,53,LG G3 16GB Page,200,OK,Thread Group 1-8,text,false,Test failed: text expected to contain /<h1>LG G3 16 GB  White</h1>/,5794,6,6,53
1448611938972,53,LG G3 16GB Page,200,OK,Thread Group 1-12,text,false,Test failed: text expected to contain /<h1>LG G3 16 GB  White</h1>/,5794,6,6,53
1448611939130,50,LG G3 16GB Page,200,OK,Thread Group 1-7,text,false,Test failed: text expected to contain /<h1>LG G3 16 GB  White</h1>/,5794,6,6,50
1448611939669,53,LG G3 16GB Page,200,OK,Thread Group 1-10,text,false,Test failed: text expected to contain /<h1>LG G3 16 GB  White</h1>/,5794,6,6,52
1448611940150,57,LG G3 16GB Page,200,OK,Thread Group 1-11,text,false,Test failed: text expected to contain /<h1>LG G3 16 GB  White</h1>/,5794,7,7,56
1448611940152,58,LG G3 16GB Page,200,OK,Thread Group 1-9,text,false,Test failed: text expected to contain /<h1>LG G3 16 GB  White</h1>/,5794,7,7,57
1448611940243,57,LG G3 16GB Page,200,OK,Thread Group 1-12,text,false,Test failed: text expected to contain /<h1>LG G3 16 GB  White</h1>/,5794,7,7,56
1448611940245,58,LG G3 16GB Page,200,OK,Thread Group 1-8,text,false,Test failed: text expected to contain /<h1>LG G3 16 GB  White</h1>/,5794,7,7,57
1448611940556,53,LG G3 16GB Page,200,OK,Thread Group 1-7,text,false,Test failed: text expected to contain /<h1>LG G3 16 GB  White</h1>/,5794,7,7,52
1448611941070,51,LG G3 16GB Page,200,OK,Thread Group 1-10,text,false,Test failed: text expected to contain /<h1>LG G3 16 GB  White</h1>/,5794,6,6,50
1448611941456,76,LG G3 16GB Page,200,OK,Thread Group 1-13,text,false,Test failed: text expected to contain /<h1>LG G3 16 GB  White</h1>/,5794,6,6,75
1448611942061,52,LG G3 16GB Page,200,OK,Thread Group 1-11,text,false,Test failed: text expected to contain /<h1>LG G3 16 GB  White</h1>/,5794,6,6,52
1448611942103,73,LG G3 16GB Page,200,OK,Thread Group 1-9,text,false,Test failed: text expected to contain /<h1>LG G3 16 GB  White</h1>/,5794,6,6,72
1448611942225,52,LG G3 16GB Page,200,OK,Thread Group 1-8,text,false,Test failed: text expected to contain /<h1>LG G3 16 GB  White</h1>/,5794,6,6,51
1448611942241,53,LG G3 16GB Page,200,OK,Thread Group 1-12,text,false,Test failed: text expected to contain /<h1>LG G3 16 GB  White</h1>/,5794,6,6,52
1448611943029,51,LG G3 16GB Page,200,OK,Thread Group 1-10,text,false,Test failed: text expected to contain /<h1>LG G3 16 GB  White</h1>/,5794,7,7,50
1448611943623,54,LG G3 16GB Page,200,OK,Thread Group 1-13,text,false,Test failed: text expected to contain /<h1>LG G3 16 GB  White</h1>/,5794,7,7,53
1448611943844,56,LG G3 16GB Page,200,OK,Thread Group 1-9,text,false,Test failed: text expected to contain /<h1>LG G3 16 GB  White</h1>/,5794,7,7,55
1448611943894,54,LG G3 16GB Page,200,OK,Thread Group 1-8,text,false,Test failed: text expected to contain /<h1>LG G3 16 GB  White</h1>/,5794,7,7,53
1448611943896,56,LG G3 16GB Page,200,OK,Thread Group 1-11,text,false,Test failed: text expected to contain /<h1>LG G3 16 GB  White</h1>/,5794,6,6,55
1448611943917,50,LG G3 16GB Page,200,OK,Thread Group 1-12,text,false,Test failed: text expected to contain /<h1>LG G3 16 GB  White</h1>/,5794,6,6,49
1448611944402,56,LG G3 16GB Page,200,OK,Thread Group 1-14,text,false,Test failed: text expected to contain /<h1>LG G3 16 GB  White</h1>/,5794,6,6,55
1448611944527,52,LG G3 16GB Page,200,OK,Thread Group 1-10,text,false,Test failed: text expected to contain /<h1>LG G3 16 GB  White</h1>/,5794,6,6,52
1448611945184,51,LG G3 16GB Page,200,OK,Thread Group 1-13,text,false,Test failed: text expected to contain /<h1>LG G3 16 GB  White</h1>/,5794,6,6,50
1448611945436,53,LG G3 16GB Page,200,OK,Thread Group 1-11,text,false,Test failed: text expected to contain /<h1>LG G3 16 GB  White</h1>/,5794,6,6,52
1448611945474,64,LG G3 16GB Page,200,OK,Thread Group 1-9,text,false,Test failed: text expected to contain /<h1>LG G3 16 GB  White</h1>/,5794,6,6,64
1448611945626,51,LG G3 16GB Page,200,OK,Thread Group 1-12,text,false,Test failed: text expected to contain /<h1>LG G3 16 GB  White</h1>/,5794,5,5,50
1448611945843,55,LG G3 16GB Page,200,OK,Thread Group 1-14,text,false,Test failed: text expected to contain /<h1>LG G3 16 GB  White</h1>/,5794,6,6,54
1448611945916,55,LG G3 16GB Page,200,OK,Thread Group 1-10,text,false,Test failed: text expected to contain /<h1>LG G3 16 GB  White</h1>/,5794,6,6,54
1448611946788,54,LG G3 16GB Page,200,OK,Thread Group 1-13,text,false,Test failed: text expected to contain /<h1>LG G3 16 GB  White</h1>/,5794,6,6,54
1448611946892,56,LG G3 16GB Page,200,OK,Thread Group 1-11,text,false,Test failed: text expected to contain /<h1>LG G3 16 GB  White</h1>/,5794,6,6,55
1448611947015,51,LG G3 16GB Page,200,OK,Thread Group 1-12,text,false,Test failed: text expected to contain /<h1>LG G3 16 GB  White</h1>/,5794,6,6,50
1448611947539,62,LG G3 16GB Page,200,OK,Thread Group 1-10,text,false,Test failed: text expected to contain /<h1>LG G3 16 GB  White</h1>/,5794,6,6,61
1448611947520,90,LG G3 16GB Page,200,OK,Thread Group 1-14,text,false,Test failed: text expected to contain /<h1>LG G3 16 GB  White</h1>/,5794,5,5,89
1448611947648,57,LG G3 16GB Page,200,OK,Thread Group 1-15,text,false,Test failed: text expected to contain /<h1>LG G3 16 GB  White</h1>/,5794,5,5,56
1448611948962,58,LG G3 16GB Page,200,OK,Thread Group 1-13,text,false,Test failed: text expected to contain /<h1>LG G3 16 GB  White</h1>/,5794,6,6,57
1448611949026,53,LG G3 16GB Page,200,OK,Thread Group 1-11,text,false,Test failed: text expected to contain /<h1>LG G3 16 GB  White</h1>/,5794,6,6,52
1448611949128,104,LG G3 16GB Page,200,OK,Thread Group 1-12,text,false,Test failed: text expected to contain /<h1>LG G3 16 GB  White</h1>/,5794,6,6,104
1448611949677,48,LG G3 16GB Page,200,OK,Thread Group 1-15,text,false,Test failed: text expected to contain /<h1>LG G3 16 GB  White</h1>/,5794,6,6,48
1448611949819,49,LG G3 16GB Page,200,OK,Thread Group 1-14,text,false,Test failed: text expected to contain /<h1>LG G3 16 GB  White</h1>/,5794,6,6,49
1448611950296,50,LG G3 16GB Page,200,OK,Thread Group 1-16,text,false,Test failed: text expected to contain /<h1>LG G3 16 GB  White</h1>/,5794,6,6,49
1448611950399,56,LG G3 16GB Page,200,OK,Thread Group 1-13,text,false,Test failed: text expected to contain /<h1>LG G3 16 GB  White</h1>/,5794,6,6,55
1448611950588,54,LG G3 16GB Page,200,OK,Thread Group 1-11,text,false,Test failed: text expected to contain /<h1>LG G3 16 GB  White</h1>/,5794,6,6,53
1448611950620,51,LG G3 16GB Page,200,OK,Thread Group 1-12,text,false,Test failed: text expected to contain /<h1>LG G3 16 GB  White</h1>/,5794,5,5,51
1448611951029,71,LG G3 16GB Page,200,OK,Thread Group 1-15,text,false,Test failed: text expected to contain /<h1>LG G3 16 GB  White</h1>/,5794,5,5,70
1448611951297,55,LG G3 16GB Page,200,OK,Thread Group 1-14,text,false,Test failed: text expected to contain /<h1>LG G3 16 GB  White</h1>/,5794,5,5,55
1448611952349,50,LG G3 16GB Page,200,OK,Thread Group 1-16,text,false,Test failed: text expected to contain /<h1>LG G3 16 GB  White</h1>/,5794,6,6,49
1448611952754,65,LG G3 16GB Page,200,OK,Thread Group 1-13,text,false,Test failed: text expected to contain /<h1>LG G3 16 GB  White</h1>/,5794,6,6,65
1448611952780,53,LG G3 16GB Page,200,OK,Thread Group 1-12,text,false,Test failed: text expected to contain /<h1>LG G3 16 GB  White</h1>/,5794,6,6,53
1448611953112,48,LG G3 16GB Page,200,OK,Thread Group 1-14,text,false,Test failed: text expected to contain /<h1>LG G3 16 GB  White</h1>/,5794,6,6,48
1448611953325,51,LG G3 16GB Page,200,OK,Thread Group 1-15,text,false,Test failed: text expected to contain /<h1>LG G3 16 GB  White</h1>/,5794,6,6,50
1448611953760,54,LG G3 16GB Page,200,OK,Thread Group 1-17,text,false,Test failed: text expected to contain /<h1>LG G3 16 GB  White</h1>/,5794,6,6,53
1448611953892,54,LG G3 16GB Page,200,OK,Thread Group 1-16,text,false,Test failed: text expected to contain /<h1>LG G3 16 GB  White</h1>/,5794,6,6,53
1448611954200,55,LG G3 16GB Page,200,OK,Thread Group 1-13,text,false,Test failed: text expected to contain /<h1>LG G3 16 GB  White</h1>/,5794,6,6,55
1448611954227,55,LG G3 16GB Page,200,OK,Thread Group 1-12,text,false,Test failed: text expected to contain /<h1>LG G3 16 GB  White</h1>/,5794,6,6,55
1448611954532,52,LG G3 16GB Page,200,OK,Thread Group 1-14,text,false,Test failed: text expected to contain /<h1>LG G3 16 GB  White</h1>/,5794,5,5,51
1448611955044,57,LG G3 16GB Page,200,OK,Thread Group 1-15,text,false,Test failed: text expected to contain /<h1>LG G3 16 GB  White</h1>/,5794,6,6,56
1448611955250,53,LG G3 16GB Page,200,OK,Thread Group 1-17,text,false,Test failed: text expected to contain /<h1>LG G3 16 GB  White</h1>/,5794,6,6,53
1448611955409,57,LG G3 16GB Page,200,OK,Thread Group 1-16,text,false,Test failed: text expected to contain /<h1>LG G3 16 GB  White</h1>/,5794,6,6,56
1448611955656,52,LG G3 16GB Page,200,OK,Thread Group 1-13,text,false,Test failed: text expected to contain /<h1>LG G3 16 GB  White</h1>/,5794,6,6,51
1448611955984,55,LG G3 16GB Page,200,OK,Thread Group 1-14,text,false,Test failed: text expected to contain /<h1>LG G3 16 GB  White</h1>/,5794,6,6,55
1448611956287,180,LG G3 16GB Page,200,OK,Thread Group 1-18,text,false,Test failed: text expected to contain /<h1>LG G3 16 GB  White</h1>/,5794,6,6,180
1448611956511,65,LG G3 16GB Page,200,OK,Thread Group 1-15,text,false,Test failed: text expected to contain /<h1>LG G3 16 GB  White</h1>/,5794,6,6,64
1448611956603,60,LG G3 16GB Page,200,OK,Thread Group 1-17,text,false,Test failed: text expected to contain /<h1>LG G3 16 GB  White</h1>/,5794,6,6,59
1448611956784,63,LG G3 16GB Page,200,OK,Thread Group 1-16,text,false,Test failed: text expected to contain /<h1>LG G3 16 GB  White</h1>/,5794,6,6,62
1448611957024,56,LG G3 16GB Page,200,OK,Thread Group 1-13,text,false,Test failed: text expected to contain /<h1>LG G3 16 GB  White</h1>/,5794,6,6,55
1448611957648,54,LG G3 16GB Page,200,OK,Thread Group 1-14,text,false,Test failed: text expected to contain /<h1>LG G3 16 GB  White</h1>/,5794,5,5,53
1448611958393,55,LG G3 16GB Page,200,OK,Thread Group 1-18,text,false,Test failed: text expected to contain /<h1>LG G3 16 GB  White</h1>/,5794,6,6,54
1448611958594,55,LG G3 16GB Page,200,OK,Thread Group 1-15,text,false,Test failed: text expected to contain /<h1>LG G3 16 GB  White</h1>/,5794,6,6,55
1448611958667,58,LG G3 16GB Page,200,OK,Thread Group 1-17,text,false,Test failed: text expected to contain /<h1>LG G3 16 GB  White</h1>/,5794,6,6,57
1448611958925,50,LG G3 16GB Page,200,OK,Thread Group 1-16,text,false,Test failed: text expected to contain /<h1>LG G3 16 GB  White</h1>/,5794,6,6,50
1448611959699,52,LG G3 16GB Page,200,OK,Thread Group 1-14,text,false,Test failed: text expected to contain /<h1>LG G3 16 GB  White</h1>/,5794,6,6,51
1448611959700,62,LG G3 16GB Page,200,OK,Thread Group 1-19,text,false,Test failed: text expected to contain /<h1>LG G3 16 GB  White</h1>/,5794,6,6,61
1448611960023,52,LG G3 16GB Page,200,OK,Thread Group 1-15,text,false,Test failed: text expected to contain /<h1>LG G3 16 GB  White</h1>/,5794,5,5,51
1448611960030,62,LG G3 16GB Page,200,OK,Thread Group 1-17,text,false,Test failed: text expected to contain /<h1>LG G3 16 GB  White</h1>/,5794,5,5,62
1448611960039,55,LG G3 16GB Page,200,OK,Thread Group 1-18,text,false,Test failed: text expected to contain /<h1>LG G3 16 GB  White</h1>/,5794,5,5,55
1448611960503,100,LG G3 16GB Page,200,OK,Thread Group 1-16,text,false,Test failed: text expected to contain /<h1>LG G3 16 GB  White</h1>/,5794,5,5,99
1448611961067,58,LG G3 16GB Page,200,OK,Thread Group 1-19,text,false,Test failed: text expected to contain /<h1>LG G3 16 GB  White</h1>/,5794,6,6,57
1448611961521,50,LG G3 16GB Page,200,OK,Thread Group 1-17,text,false,Test failed: text expected to contain /<h1>LG G3 16 GB  White</h1>/,5794,6,6,50
1448611961697,52,LG G3 16GB Page,200,OK,Thread Group 1-18,text,false,Test failed: text expected to contain /<h1>LG G3 16 GB  White</h1>/,5794,6,6,51
1448611962136,99,LG G3 16GB Page,200,OK,Thread Group 1-15,text,false,Test failed: text expected to contain /<h1>LG G3 16 GB  White</h1>/,5794,6,6,98
1448611962935,54,LG G3 16GB Page,200,OK,Thread Group 1-16,text,false,Test failed: text expected to contain /<h1>LG G3 16 GB  White</h1>/,5794,6,6,53
1448611963121,54,LG G3 16GB Page,200,OK,Thread Group 1-20,text,false,Test failed: text expected to contain /<h1>LG G3 16 GB  White</h1>/,5794,6,6,53
1448611964062,48,LG G3 16GB Page,200,OK,Thread Group 1-17,text,false,Test failed: text expected to contain /<h1>LG G3 16 GB  White</h1>/,5794,7,7,47
1448611964079,48,LG G3 16GB Page,200,OK,Thread Group 1-19,text,false,Test failed: text expected to contain /<h1>LG G3 16 GB  White</h1>/,5794,7,7,48
1448611964079,50,LG G3 16GB Page,200,OK,Thread Group 1-18,text,false,Test failed: text expected to contain /<h1>LG G3 16 GB  White</h1>/,5794,7,7,50
1448611964471,50,LG G3 16GB Page,200,OK,Thread Group 1-15,text,false,Test failed: text expected to contain /<h1>LG G3 16 GB  White</h1>/,5794,7,7,49
1448611965128,50,LG G3 16GB Page,200,OK,Thread Group 1-20,text,false,Test failed: text expected to contain /<h1>LG G3 16 GB  White</h1>/,5794,6,6,49
1448611965299,51,LG G3 16GB Page,200,OK,Thread Group 1-16,text,false,Test failed: text expected to contain /<h1>LG G3 16 GB  White</h1>/,5794,6,6,51
1448611965422,50,LG G3 16GB Page,200,OK,Thread Group 1-21,text,false,Test failed: text expected to contain /<h1>LG G3 16 GB  White</h1>/,5794,6,6,49
1448611965512,52,LG G3 16GB Page,200,OK,Thread Group 1-17,text,false,Test failed: text expected to contain /<h1>LG G3 16 GB  White</h1>/,5794,6,6,52
1448611965543,50,LG G3 16GB Page,200,OK,Thread Group 1-18,text,false,Test failed: text expected to contain /<h1>LG G3 16 GB  White</h1>/,5794,6,6,50
1448611965574,49,LG G3 16GB Page,200,OK,Thread Group 1-19,text,false,Test failed: text expected to contain /<h1>LG G3 16 GB  White</h1>/,5794,6,6,49
1448611966569,55,LG G3 16GB Page,200,OK,Thread Group 1-20,text,false,Test failed: text expected to contain /<h1>LG G3 16 GB  White</h1>/,5794,6,6,54
1448611966912,53,LG G3 16GB Page,200,OK,Thread Group 1-16,text,false,Test failed: text expected to contain /<h1>LG G3 16 GB  White</h1>/,5794,7,7,52
1448611966915,51,LG G3 16GB Page,200,OK,Thread Group 1-21,text,false,Test failed: text expected to contain /<h1>LG G3 16 GB  White</h1>/,5794,7,7,51
1448611966918,57,LG G3 16GB Page,200,OK,Thread Group 1-18,text,false,Test failed: text expected to contain /<h1>LG G3 16 GB  White</h1>/,5794,7,7,56
1448611966952,51,LG G3 16GB Page,200,OK,Thread Group 1-17,text,false,Test failed: text expected to contain /<h1>LG G3 16 GB  White</h1>/,5794,6,6,50
1448611966962,50,LG G3 16GB Page,200,OK,Thread Group 1-19,text,false,Test failed: text expected to contain /<h1>LG G3 16 GB  White</h1>/,5794,6,6,49
1448611968691,53,LG G3 16GB Page,200,OK,Thread Group 1-20,text,false,Test failed: text expected to contain /<h1>LG G3 16 GB  White</h1>/,5794,6,6,53
1448611969006,49,LG G3 16GB Page,200,OK,Thread Group 1-19,text,false,Test failed: text expected to contain /<h1>LG G3 16 GB  White</h1>/,5794,6,6,48
1448611969009,50,LG G3 16GB Page,200,OK,Thread Group 1-22,text,false,Test failed: text expected to contain /<h1>LG G3 16 GB  White</h1>/,5794,6,6,50
1448611969013,61,LG G3 16GB Page,200,OK,Thread Group 1-18,text,false,Test failed: text expected to contain /<h1>LG G3 16 GB  White</h1>/,5794,6,6,60
1448611969089,50,LG G3 16GB Page,200,OK,Thread Group 1-17,text,false,Test failed: text expected to contain /<h1>LG G3 16 GB  White</h1>/,5794,6,6,49
1448611969095,49,LG G3 16GB Page,200,OK,Thread Group 1-21,text,false,Test failed: text expected to contain /<h1>LG G3 16 GB  White</h1>/,5794,6,6,49
1448611970042,90,LG G3 16GB Page,200,OK,Thread Group 1-20,text,false,Test failed: text expected to contain /<h1>LG G3 16 GB  White</h1>/,5794,6,6,89
1448611970911,49,LG G3 16GB Page,200,OK,Thread Group 1-18,text,false,Test failed: text expected to contain /<h1>LG G3 16 GB  White</h1>/,5794,6,6,48
1448611970911,52,LG G3 16GB Page,200,OK,Thread Group 1-22,text,false,Test failed: text expected to contain /<h1>LG G3 16 GB  White</h1>/,5794,6,6,51
1448611970912,53,LG G3 16GB Page,200,OK,Thread Group 1-19,text,false,Test failed: text expected to contain /<h1>LG G3 16 GB  White</h1>/,5794,6,6,52
1448611970911,59,LG G3 16GB Page,200,OK,Thread Group 1-21,text,false,Test failed: text expected to contain /<h1>LG G3 16 GB  White</h1>/,5794,6,6,59
1448611972639,52,LG G3 16GB Page,200,OK,Thread Group 1-23,text,false,Test failed: text expected to contain /<h1>LG G3 16 GB  White</h1>/,5794,6,6,51
1448611973533,51,LG G3 16GB Page,200,OK,Thread Group 1-21,text,false,Test failed: text expected to contain /<h1>LG G3 16 GB  White</h1>/,5794,7,7,51
1448611973559,57,LG G3 16GB Page,200,OK,Thread Group 1-19,text,false,Test failed: text expected to contain /<h1>LG G3 16 GB  White</h1>/,5794,7,7,56
1448611973576,52,LG G3 16GB Page,200,OK,Thread Group 1-22,text,false,Test failed: text expected to contain /<h1>LG G3 16 GB  White</h1>/,5794,7,7,51
1448611973579,56,LG G3 16GB Page,200,OK,Thread Group 1-20,text,false,Test failed: text expected to contain /<h1>LG G3 16 GB  White</h1>/,5794,7,7,55
1448611973959,59,LG G3 16GB Page,200,OK,Thread Group 1-18,text,false,Test failed: text expected to contain /<h1>LG G3 16 GB  White</h1>/,5794,7,7,58
1448611974815,54,LG G3 16GB Page,200,OK,Thread Group 1-23,text,false,Test failed: text expected to contain /<h1>LG G3 16 GB  White</h1>/,5794,6,6,53
1448611975047,52,LG G3 16GB Page,200,OK,Thread Group 1-24,text,false,Test failed: text expected to contain /<h1>LG G3 16 GB  White</h1>/,5794,6,6,51
1448611975313,52,LG G3 16GB Page,200,OK,Thread Group 1-22,text,false,Test failed: text expected to contain /<h1>LG G3 16 GB  White</h1>/,5794,6,6,52
1448611975322,52,LG G3 16GB Page,200,OK,Thread Group 1-19,text,false,Test failed: text expected to contain /<h1>LG G3 16 GB  White</h1>/,5794,6,6,52
1448611975354,51,LG G3 16GB Page,200,OK,Thread Group 1-21,text,false,Test failed: text expected to contain /<h1>LG G3 16 GB  White</h1>/,5794,6,6,51
1448611975355,53,LG G3 16GB Page,200,OK,Thread Group 1-20,text,false,Test failed: text expected to contain /<h1>LG G3 16 GB  White</h1>/,5794,6,6,53
1448611976361,50,LG G3 16GB Page,200,OK,Thread Group 1-23,text,false,Test failed: text expected to contain /<h1>LG G3 16 GB  White</h1>/,5794,7,7,50
1448611976476,49,LG G3 16GB Page,200,OK,Thread Group 1-24,text,false,Test failed: text expected to contain /<h1>LG G3 16 GB  White</h1>/,5794,7,7,49
1448611976504,77,LG G3 16GB Page,200,OK,Thread Group 1-21,text,false,Test failed: text expected to contain /<h1>LG G3 16 GB  White</h1>/,5794,7,7,76
1448611976812,94,LG G3 16GB Page,200,OK,Thread Group 1-20,text,false,Test failed: text expected to contain /<h1>LG G3 16 GB  White</h1>/,5794,7,7,93
1448611976840,69,LG G3 16GB Page,200,OK,Thread Group 1-22,text,false,Test failed: text expected to contain /<h1>LG G3 16 GB  White</h1>/,5794,7,7,68
1448611976974,50,LG G3 16GB Page,200,OK,Thread Group 1-19,text,false,Test failed: text expected to contain /<h1>LG G3 16 GB  White</h1>/,5794,7,7,50
1448611977268,53,LG G3 16GB Page,200,OK,Thread Group 1-25,text,false,Test failed: text expected to contain /<h1>LG G3 16 GB  White</h1>/,5794,6,6,52
1448611978126,99,LG G3 16GB Page,200,OK,Thread Group 1-23,text,false,Test failed: text expected to contain /<h1>LG G3 16 GB  White</h1>/,5794,6,6,99
1448611978292,50,LG G3 16GB Page,200,OK,Thread Group 1-24,text,false,Test failed: text expected to contain /<h1>LG G3 16 GB  White</h1>/,5794,6,6,49
1448611978353,53,LG G3 16GB Page,200,OK,Thread Group 1-21,text,false,Test failed: text expected to contain /<h1>LG G3 16 GB  White</h1>/,5794,6,6,52
1448611978970,70,LG G3 16GB Page,200,OK,Thread Group 1-20,text,false,Test failed: text expected to contain /<h1>LG G3 16 GB  White</h1>/,5794,7,7,69
1448611979128,154,LG G3 16GB Page,200,OK,Thread Group 1-22,text,false,Test failed: text expected to contain /<h1>LG G3 16 GB  White</h1>/,5794,7,7,153
1448611979298,49,LG G3 16GB Page,200,OK,Thread Group 1-25,text,false,Test failed: text expected to contain /<h1>LG G3 16 GB  White</h1>/,5794,7,7,48
1448611979804,53,LG G3 16GB Page,200,OK,Thread Group 1-24,text,false,Test failed: text expected to contain /<h1>LG G3 16 GB  White</h1>/,5794,7,7,53
1448611979817,52,LG G3 16GB Page,200,OK,Thread Group 1-23,text,false,Test failed: text expected to contain /<h1>LG G3 16 GB  White</h1>/,5794,7,7,51
1448611979950,56,LG G3 16GB Page,200,OK,Thread Group 1-21,text,false,Test failed: text expected to contain /<h1>LG G3 16 GB  White</h1>/,5794,7,7,55
1448611980403,71,LG G3 16GB Page,200,OK,Thread Group 1-26,text,false,Test failed: text expected to contain /<h1>LG G3 16 GB  White</h1>/,5794,7,7,71
1448611980542,61,LG G3 16GB Page,200,OK,Thread Group 1-20,text,false,Test failed: text expected to contain /<h1>LG G3 16 GB  White</h1>/,5794,7,7,61
1448611980608,69,LG G3 16GB Page,200,OK,Thread Group 1-22,text,false,Test failed: text expected to contain /<h1>LG G3 16 GB  White</h1>/,5794,6,6,68
1448611980802,51,LG G3 16GB Page,200,OK,Thread Group 1-25,text,false,Test failed: text expected to contain /<h1>LG G3 16 GB  White</h1>/,5794,6,6,51
1448611981525,110,LG G3 16GB Page,200,OK,Thread Group 1-24,text,false,Test failed: text expected to contain /<h1>LG G3 16 GB  White</h1>/,5794,6,6,109
1448611981771,57,LG G3 16GB Page,200,OK,Thread Group 1-23,text,false,Test failed: text expected to contain /<h1>LG G3 16 GB  White</h1>/,5794,6,6,56
1448611981948,123,LG G3 16GB Page,200,OK,Thread Group 1-21,text,false,Test failed: text expected to contain /<h1>LG G3 16 GB  White</h1>/,5794,7,7,122
1448614333135,1285,LG G3 16GB Page,200,OK,Thread Group 1-2,text,true,,11484,2,2,1283
1448614333926,1137,LG G3 16GB Page,200,OK,Thread Group 1-1,text,true,,11484,3,3,1135
1448614336411,539,LG G3 16GB Page,200,OK,Thread Group 1-3,text,true,,11484,3,3,536
1448614336599,423,LG G3 16GB Page,200,OK,Thread Group 1-1,text,true,,11484,3,3,416
1448614336573,771,LG G3 16GB Page,200,OK,Thread Group 1-2,text,true,,11484,3,3,760
1448614338289,420,LG G3 16GB Page,200,OK,Thread Group 1-3,text,true,,11484,4,4,417
1448614338425,449,LG G3 16GB Page,200,OK,Thread Group 1-1,text,true,,11484,4,4,447
1448614338793,771,LG G3 16GB Page,200,OK,Thread Group 1-2,text,true,,11484,4,4,768
1448614339321,796,LG G3 16GB Page,200,OK,Thread Group 1-4,text,true,,11484,4,4,784
1448614340597,405,LG G3 16GB Page,200,OK,Thread Group 1-3,text,true,,11484,5,5,401
1448614340716,405,LG G3 16GB Page,200,OK,Thread Group 1-1,text,true,,11484,5,5,398
1448614341102,443,LG G3 16GB Page,200,OK,Thread Group 1-2,text,true,,11484,5,5,416
1448614341436,431,LG G3 16GB Page,200,OK,Thread Group 1-4,text,true,,11484,9,9,431
1448614346864,403,LG G3 16GB Page,200,OK,Thread Group 1-1,text,true,,11484,1,1,401
1448614348604,730,LG G3 16GB Page,200,OK,Thread Group 1-1,text,true,,11484,2,2,717
1448614350455,455,LG G3 16GB Page,200,OK,Thread Group 1-2,text,true,,11484,2,2,453
1448614351060,465,LG G3 16GB Page,200,OK,Thread Group 1-1,text,true,,11484,3,3,463
1448614352293,404,LG G3 16GB Page,200,OK,Thread Group 1-2,text,true,,11484,3,3,403
1448614352784,1171,LG G3 16GB Page,200,OK,Thread Group 1-1,text,true,,11484,3,3,1170
1448614353192,985,LG G3 16GB Page,200,OK,Thread Group 1-3,text,true,,11484,3,3,983
1448614354757,405,LG G3 16GB Page,200,OK,Thread Group 1-2,text,true,,11484,4,4,403
1448614355336,445,LG G3 16GB Page,200,OK,Thread Group 1-1,text,true,,11484,4,4,444
1448614355525,478,LG G3 16GB Page,200,OK,Thread Group 1-3,text,true,,11484,4,4,466
1448614355850,428,LG G3 16GB Page,200,OK,Thread Group 1-4,text,true,,11484,4,4,422
1448614356514,513,LG G3 16GB Page,200,OK,Thread Group 1-2,text,true,,11484,4,4,510
1448614357087,416,LG G3 16GB Page,200,OK,Thread Group 1-1,text,true,,11484,5,5,411
1448614357373,495,LG G3 16GB Page,200,OK,Thread Group 1-3,text,true,,11484,5,5,493
1448614357568,448,LG G3 16GB Page,200,OK,Thread Group 1-4,text,true,,11484,5,5,442
1448614358317,407,LG G3 16GB Page,200,OK,Thread Group 1-2,text,true,,11484,5,5,406
1448614358811,946,LG G3 16GB Page,200,OK,Thread Group 1-1,text,true,,11484,5,5,940
1448614358834,942,LG G3 16GB Page,200,OK,Thread Group 1-5,text,true,,11484,5,5,941
1448614359555,716,LG G3 16GB Page,200,OK,Thread Group 1-3,text,true,,11484,5,5,707
1448614359715,649,LG G3 16GB Page,200,OK,Thread Group 1-4,text,true,,11484,5,5,637
1448614360627,443,LG G3 16GB Page,200,OK,Thread Group 1-2,text,true,,11484,6,6,439
1448614361276,421,LG G3 16GB Page,200,OK,Thread Group 1-1,text,true,,11484,6,6,420
1448614361314,430,LG G3 16GB Page,200,OK,Thread Group 1-5,text,true,,11484,6,6,429
1448614361619,509,LG G3 16GB Page,200,OK,Thread Group 1-3,text,true,,11484,6,6,507
1448614361971,451,LG G3 16GB Page,200,OK,Thread Group 1-6,text,true,,11484,6,6,450
1448614361988,465,LG G3 16GB Page,200,OK,Thread Group 1-4,text,true,,11484,6,6,463
1448614362519,803,LG G3 16GB Page,200,OK,Thread Group 1-2,text,true,,11484,6,6,802
1448614363579,725,LG G3 16GB Page,200,OK,Thread Group 1-1,text,true,,11484,7,7,722
1448614363689,803,LG G3 16GB Page,200,OK,Thread Group 1-5,text,true,,11484,7,7,801
1448614364231,533,LG G3 16GB Page,200,OK,Thread Group 1-3,text,true,,11484,7,7,498
1448614364464,492,LG G3 16GB Page,200,OK,Thread Group 1-6,text,true,,11484,7,7,480
1448614364545,446,LG G3 16GB Page,200,OK,Thread Group 1-4,text,true,,11484,7,7,444
1448614365094,491,LG G3 16GB Page,200,OK,Thread Group 1-2,text,true,,11484,7,7,489
1448614365286,469,LG G3 16GB Page,200,OK,Thread Group 1-7,text,true,,11484,7,7,465
1448614365978,476,LG G3 16GB Page,200,OK,Thread Group 1-5,text,true,,11484,7,7,474
1448614365723,896,LG G3 16GB Page,200,OK,Thread Group 1-1,text,true,,11484,8,8,893
1448614366191,517,LG G3 16GB Page,200,OK,Thread Group 1-3,text,true,,11484,7,7,511
1448614366748,488,LG G3 16GB Page,200,OK,Thread Group 1-6,text,true,,11484,7,7,485
1448614367038,573,LG G3 16GB Page,200,OK,Thread Group 1-4,text,true,,11484,7,7,563
1448614367032,593,LG G3 16GB Page,200,OK,Thread Group 1-2,text,true,,11484,7,7,591
1448614367232,548,LG G3 16GB Page,200,OK,Thread Group 1-7,text,true,,11484,7,7,546
1448614368100,445,LG G3 16GB Page,200,OK,Thread Group 1-8,text,true,,11484,7,7,441
1448614368244,413,LG G3 16GB Page,200,OK,Thread Group 1-3,text,true,,11484,7,7,411
1448614368278,532,LG G3 16GB Page,200,OK,Thread Group 1-5,text,true,,11484,7,7,531
1448614369166,943,LG G3 16GB Page,200,OK,Thread Group 1-2,text,true,,11484,8,8,941
1448614368895,1268,LG G3 16GB Page,200,OK,Thread Group 1-6,text,true,,11484,7,7,1265
1448614369304,1099,LG G3 16GB Page,200,OK,Thread Group 1-4,text,true,,11484,7,7,1097
1448614369884,662,LG G3 16GB Page,200,OK,Thread Group 1-7,text,true,,11484,7,7,661
1448614370735,416,LG G3 16GB Page,200,OK,Thread Group 1-8,text,true,,11484,7,7,412
1448614370929,468,LG G3 16GB Page,200,OK,Thread Group 1-3,text,true,,11484,7,7,464
1448614371053,452,LG G3 16GB Page,200,OK,Thread Group 1-5,text,true,,11484,7,7,448
1448614371416,467,LG G3 16GB Page,200,OK,Thread Group 1-9,text,true,,11484,7,7,463
1448614371671,497,LG G3 16GB Page,200,OK,Thread Group 1-6,text,true,,11484,7,7,462
1448614371833,437,LG G3 16GB Page,200,OK,Thread Group 1-4,text,true,,11484,7,7,433
1448614371976,499,LG G3 16GB Page,200,OK,Thread Group 1-7,text,true,,11484,7,7,495
1448614372599,1097,LG G3 16GB Page,200,OK,Thread Group 1-8,text,true,,11484,8,8,1096
1448614372733,1075,LG G3 16GB Page,200,OK,Thread Group 1-3,text,true,,11484,8,8,1069
1448614372911,1162,LG G3 16GB Page,200,OK,Thread Group 1-5,text,true,,11484,7,7,1159
1448614373724,756,LG G3 16GB Page,200,OK,Thread Group 1-9,text,true,,11484,7,7,754
1448614374507,860,LG G3 16GB Page,200,OK,Thread Group 1-4,text,true,,11484,7,7,858
1448614374796,693,LG G3 16GB Page,200,OK,Thread Group 1-10,text,true,,11484,8,8,692
1448614375010,484,LG G3 16GB Page,200,OK,Thread Group 1-7,text,true,,11484,8,8,478
1448614374603,896,LG G3 16GB Page,200,OK,Thread Group 1-6,text,true,,11484,8,8,895
1448614375425,459,LG G3 16GB Page,200,OK,Thread Group 1-8,text,true,,11484,8,8,455
1448614375700,490,LG G3 16GB Page,200,OK,Thread Group 1-5,text,true,,11484,8,8,484
1448614376096,690,LG G3 16GB Page,200,OK,Thread Group 1-9,text,true,,11484,8,8,686
1448614376926,570,LG G3 16GB Page,200,OK,Thread Group 1-10,text,true,,11484,8,8,564
1448614376757,766,LG G3 16GB Page,200,OK,Thread Group 1-4,text,true,,11484,8,8,765
1448614377199,520,LG G3 16GB Page,200,OK,Thread Group 1-7,text,true,,11484,7,7,462
1448614377243,558,LG G3 16GB Page,200,OK,Thread Group 1-6,text,true,,11484,7,7,558
1448614377397,500,LG G3 16GB Page,200,OK,Thread Group 1-8,text,true,,11484,7,7,498
1448614377466,494,LG G3 16GB Page,200,OK,Thread Group 1-11,text,true,,11484,7,7,493
1448614377852,570,LG G3 16GB Page,200,OK,Thread Group 1-5,text,true,,11484,7,7,569
1448614378247,472,LG G3 16GB Page,200,OK,Thread Group 1-9,text,true,,11484,8,8,470
1448614378921,1077,LG G3 16GB Page,200,OK,Thread Group 1-10,text,true,,11484,8,8,1076
1448614379812,621,LG G3 16GB Page,200,OK,Thread Group 1-7,text,true,,11484,8,8,620
1448614379829,616,LG G3 16GB Page,200,OK,Thread Group 1-8,text,true,,11484,8,8,610
1448614379841,657,LG G3 16GB Page,200,OK,Thread Group 1-6,text,true,,11484,8,8,606
1448614380054,509,LG G3 16GB Page,200,OK,Thread Group 1-11,text,true,,11484,8,8,504
1448614380539,430,LG G3 16GB Page,200,OK,Thread Group 1-5,text,true,,11484,8,8,428
1448614380791,402,LG G3 16GB Page,200,OK,Thread Group 1-12,text,true,,11484,7,7,401
1448614380786,412,LG G3 16GB Page,200,OK,Thread Group 1-9,text,true,,11484,7,7,410
1448614381837,426,LG G3 16GB Page,200,OK,Thread Group 1-6,text,true,,11484,8,8,423
1448614381853,459,LG G3 16GB Page,200,OK,Thread Group 1-7,text,true,,11484,8,8,457
1448614381714,604,LG G3 16GB Page,200,OK,Thread Group 1-10,text,true,,11484,8,8,600
1448614381877,475,LG G3 16GB Page,200,OK,Thread Group 1-11,text,true,,11484,8,8,470
1448614381958,493,LG G3 16GB Page,200,OK,Thread Group 1-8,text,true,,11484,8,8,440
1448614382536,595,LG G3 16GB Page,200,OK,Thread Group 1-9,text,true,,11484,8,8,594
1448614382610,610,LG G3 16GB Page,Non HTTP response code: java.net.SocketException,Non HTTP response message: Socket closed,Thread Group 1-12,text,false,Test failed: text expected to contain /<h1>LG G3 16 GB  White</h1>/,2567,7,7,0
1448614383072,195,LG G3 16GB Page,Non HTTP response code: java.net.SocketException,Non HTTP response message: Socket closed,Thread Group 1-13,text,false,Test failed: text expected to contain /<h1>LG G3 16 GB  White</h1>/,2567,9,9,0
1449056800879,891,LG G3 16GB Page,200,OK,Thread Group 1-4,text,true,,11481,5,5,888
1449056800806,976,LG G3 16GB Page,200,OK,Thread Group 1-1,text,true,,11481,5,5,969
1449056800923,862,LG G3 16GB Page,200,OK,Thread Group 1-3,text,true,,11481,5,5,861
1449056800402,1437,LG G3 16GB Page,200,OK,Thread Group 1-2,text,true,,11481,2,2,1376
1449056801478,491,LG G3 16GB Page,200,OK,Thread Group 1-5,text,true,,11481,1,1,489
